crop,N,P,K,temperature,humidity,ph,rainfall,yield
rice,118.03,51.96,47.96,23.56,63.9,5.15,186.62,3.85
rice,80.82,59.1,54.97,24.12,64.55,5.46,130.42,3.8
rice,91.65,48.36,34.18,24.92,69.16,6.14,178.52,3.71
rice,103.7,31.39,48.23,23.71,61.63,7.37,196.56,4.03
rice,83.91,50.53,43.2,23.22,72.38,5.09,190.93,3.66
rice,92.47,45.6,46.4,23.85,84.24,6.94,193.95,4.65
rice,116.87,32.65,35.88,22.45,68.13,5.97,127.13,4.07
rice,91.24,46.28,34.23,30.02,61.86,7.47,177.22,3.86
rice,112.62,51.21,51.87,29.71,61.85,5.9,111.59,4.16
rice,93.24,31.91,39.33,25.25,78.24,6.59,188.72,4.03
rice,108.53,52.82,46.84,29.71,72.34,6.31,142.75,3.78
rice,81.26,49.09,39.43,27.09,82.69,5.62,141.04,4.37
rice,83.08,38.69,34.84,31.3,80.2,6.58,187.15,4.16
rice,115.7,46.18,54.22,30.96,67.95,5.28,122.79,3.98
rice,114.43,30.21,45.32,26.17,65.55,5.3,133.76,4.11
rice,100.75,51.09,40.91,31.72,84.06,5.63,149.72,4.0
rice,81.48,48.29,45.08,22.51,66.97,7.27,123.96,3.68
rice,119.43,37.26,50.16,29.62,65.94,6.82,136.78,4.17
rice,101.43,32.71,55.06,25.21,64.66,5.1,159.09,4.07
rice,100.48,36.79,49.36,23.74,77.27,5.97,193.67,3.77
rice,84.54,57.74,56.32,24.58,76.5,7.04,155.52,3.82
rice,83.72,56.92,57.01,28.33,68.48,5.87,172.6,4.04
rice,111.2,49.26,32.52,23.62,82.46,6.52,100.92,3.46
rice,80.2,34.82,46.46,28.92,76.3,5.56,171.22,3.85
rice,109.86,49.49,55.48,28.58,74.21,5.23,136.77,3.88
rice,118.92,41.79,56.76,28.31,79.87,6.26,157.69,4.06
rice,108.9,38.42,30.73,28.45,64.43,7.35,195.39,4.37
rice,80.62,57.85,42.85,31.67,84.09,7.13,129.44,3.6
rice,92.68,35.08,46.7,31.36,77.4,6.43,109.72,4.17
rice,85.6,45.55,56.32,29.41,77.43,6.76,135.95,3.68
rice,112.4,56.01,57.4,27.11,72.54,7.0,165.0,4.28
rice,115.6,40.14,41.27,22.94,74.46,5.09,146.56,4.0
rice,103.63,30.92,31.12,30.23,69.0,5.32,152.22,4.11
rice,104.92,32.56,31.55,27.31,73.52,6.59,172.61,4.32
rice,92.92,53.86,38.12,26.39,61.96,5.06,196.26,4.24
rice,96.36,35.2,34.69,24.5,73.73,6.79,166.02,3.8
rice,109.52,46.63,48.35,26.2,66.19,5.89,175.78,3.73
rice,81.84,31.22,55.66,29.04,71.85,5.24,149.16,3.9
rice,97.35,41.96,48.48,28.35,61.13,5.94,162.59,4.37
rice,106.35,34.89,32.12,28.42,60.66,6.46,194.02,3.9
rice,105.73,43.75,46.37,31.41,69.65,7.4,190.54,3.92
rice,84.03,30.55,32.83,28.83,61.78,5.8,184.49,3.5
rice,91.27,33.54,50.9,28.29,81.94,6.84,180.35,3.64
rice,110.02,54.21,59.72,26.13,69.3,6.94,134.08,4.45
rice,97.16,52.53,52.64,23.03,82.56,6.26,182.65,3.81
rice,95.57,30.33,57.16,22.91,67.98,7.38,195.06,3.99
rice,97.94,38.8,39.86,28.73,78.81,6.98,178.96,3.86
rice,82.3,46.49,43.25,30.88,68.77,5.29,114.3,4.24
rice,84.04,32.52,51.03,22.73,80.55,6.77,108.13,3.62
rice,94.97,41.12,54.38,31.47,84.65,6.88,137.63,3.54
rice,102.34,42.73,57.19,23.11,72.32,5.03,146.87,3.71
rice,84.7,49.48,52.38,27.83,84.05,5.94,128.57,4.28
rice,118.53,30.36,59.1,22.43,82.28,6.32,199.3,3.41
rice,118.77,45.69,48.88,28.96,71.36,6.57,158.43,4.29
rice,91.24,58.51,56.71,26.56,75.5,5.69,118.81,4.04
rice,103.35,32.33,59.23,31.86,77.45,6.34,130.95,4.14
rice,86.5,57.33,54.68,31.5,78.14,6.53,141.82,4.05
rice,81.81,30.79,41.29,30.11,84.68,5.38,159.41,3.79
rice,113.68,55.15,44.06,26.15,66.84,5.14,186.47,4.08
rice,119.87,46.66,53.07,31.45,81.24,5.62,145.05,3.61
rice,104.25,36.86,50.15,28.18,68.95,5.28,167.16,3.99
rice,100.81,55.57,46.56,27.61,81.92,6.01,113.4,3.75
rice,104.81,51.12,36.39,23.36,60.36,5.88,158.99,3.99
rice,116.17,40.45,45.42,29.84,69.91,6.56,186.24,4.45
rice,117.06,44.76,37.75,26.59,84.5,6.23,132.88,4.09
rice,83.03,33.87,33.84,23.52,63.47,6.6,118.19,3.61
rice,98.96,50.03,35.17,23.92,61.02,5.42,127.86,3.71
rice,84.83,43.82,36.19,25.64,72.59,6.73,103.93,4.27
rice,83.27,56.21,57.63,22.61,66.92,7.02,174.83,3.67
rice,94.82,44.54,48.55,25.69,71.56,6.87,103.67,4.19
rice,115.81,45.35,45.96,23.07,71.19,6.33,124.25,3.8
rice,80.8,39.66,36.34,25.27,62.99,7.23,159.36,3.81
rice,99.94,32.61,46.11,27.87,78.64,6.08,112.76,4.2
rice,105.84,47.12,40.68,31.87,75.14,5.59,110.18,3.86
rice,86.43,35.6,38.55,23.73,82.42,5.2,152.45,3.84
rice,84.48,41.94,59.08,30.66,80.43,5.64,117.09,4.08
rice,102.27,47.15,38.4,29.69,64.68,5.81,142.54,4.13
rice,84.59,48.32,38.66,27.81,63.86,6.2,153.26,3.68
rice,85.38,31.9,59.7,25.22,80.25,5.64,168.15,4.16
rice,98.86,42.36,40.47,31.3,80.77,7.41,112.43,4.41
rice,87.25,31.99,52.23,27.74,81.05,5.35,179.53,3.53
rice,86.57,54.44,49.96,27.23,68.97,7.19,139.24,4.12
rice,95.08,43.88,39.04,29.48,72.57,5.58,189.96,4.0
rice,116.26,48.73,33.51,31.4,75.69,5.84,113.93,4.23
rice,101.34,56.82,53.66,23.52,67.79,5.62,174.39,3.59
rice,110.5,56.3,40.26,30.21,62.77,7.12,112.75,3.65
rice,86.0,36.88,51.67,29.2,76.03,6.73,154.27,3.97
rice,87.26,57.25,47.5,26.01,71.55,7.37,115.34,3.94
rice,104.46,30.54,56.16,31.32,74.13,6.74,192.25,3.89
rice,103.05,48.2,42.72,29.36,83.36,7.31,145.08,3.77
rice,113.56,33.74,57.63,30.7,72.97,6.48,139.9,3.45
rice,112.11,30.14,40.0,25.98,73.43,7.3,134.63,3.82
rice,98.09,36.74,43.57,23.41,64.41,6.25,141.89,4.69
rice,103.22,48.97,30.39,28.64,64.45,7.4,114.87,4.11
rice,119.87,45.07,47.86,22.67,78.75,5.52,189.81,3.7
rice,81.46,44.16,46.95,22.66,79.39,6.13,152.44,3.95
rice,102.39,34.66,35.46,30.62,83.65,5.93,127.07,4.14
rice,81.02,34.68,51.48,28.59,60.68,5.55,123.11,3.84
rice,84.16,54.0,35.36,28.53,65.95,5.25,124.32,3.86
rice,113.21,41.92,50.04,24.05,67.33,7.24,101.3,3.83
rice,81.06,35.44,47.49,26.21,82.32,7.04,134.18,3.61
rice,103.61,38.04,48.72,26.09,73.8,6.09,129.45,4.36
rice,85.6,56.05,44.62,30.95,80.0,6.06,102.25,3.75
rice,105.34,37.74,34.18,30.35,84.61,6.31,117.17,3.8
rice,116.57,33.53,47.3,24.74,73.85,6.63,182.97,3.55
rice,85.48,57.0,56.22,27.97,75.01,6.66,117.54,4.06
rice,95.33,45.57,31.41,23.66,78.45,5.21,160.32,3.82
rice,91.55,40.67,51.57,24.97,74.16,6.19,166.37,4.58
rice,88.6,30.94,37.87,27.95,61.29,6.24,159.68,3.7
rice,84.26,32.25,51.85,26.95,77.21,6.09,124.64,4.15
rice,107.79,38.16,47.71,25.61,62.29,7.29,113.68,4.46
rice,87.41,46.26,56.19,29.32,80.16,6.65,169.23,4.45
rice,99.58,36.64,59.63,31.44,60.99,6.76,192.52,3.63
rice,116.62,31.02,50.92,24.97,83.11,7.43,194.43,3.61
rice,113.78,39.57,54.87,22.37,74.91,5.58,112.06,3.58
rice,93.59,51.74,31.96,25.15,73.49,6.98,131.88,4.25
rice,104.63,36.99,30.73,30.7,60.53,7.19,152.89,4.1
rice,119.92,40.52,53.02,26.02,72.0,6.57,187.37,4.31
rice,96.71,42.64,52.13,24.39,62.76,5.89,128.72,3.8
rice,81.68,30.54,59.63,26.28,69.61,6.7,121.83,3.9
rice,83.58,42.53,56.37,31.45,71.69,6.53,116.7,4.3
rice,117.71,49.49,48.23,27.13,65.77,5.44,122.05,3.68
rice,94.01,31.74,59.07,30.84,83.19,7.49,117.39,3.85
rice,107.84,34.62,54.47,24.24,65.6,6.34,159.29,4.1
rice,115.1,37.97,33.89,30.89,83.89,7.16,180.95,3.89
rice,83.48,42.25,41.18,24.6,78.09,6.24,108.1,3.77
rice,83.05,55.54,44.85,26.81,74.81,7.06,134.78,4.18
rice,90.68,56.36,53.92,28.58,81.26,7.17,170.84,4.01
rice,107.21,48.56,52.58,23.59,82.02,7.18,102.92,4.45
rice,93.4,52.31,34.82,30.18,80.8,6.27,100.64,4.01
rice,119.25,48.95,37.79,28.34,73.5,6.95,110.7,4.04
rice,118.52,40.26,48.98,31.32,62.56,7.34,168.79,3.41
rice,108.33,32.02,47.47,25.46,75.52,5.11,187.15,4.25
rice,109.99,33.9,52.75,22.25,60.55,5.81,148.86,4.17
rice,97.84,38.21,59.91,26.26,71.28,5.41,179.48,4.32
rice,83.3,50.41,49.64,24.73,83.77,5.38,143.23,4.44
rice,105.54,41.93,38.23,31.84,70.23,7.24,123.0,3.97
rice,106.07,41.06,55.93,26.73,84.2,5.46,186.86,4.25
rice,113.79,52.83,48.79,23.31,60.81,7.3,161.67,4.2
rice,84.69,33.76,50.57,26.3,65.01,6.23,106.42,4.07
rice,111.9,39.31,43.66,22.12,61.81,5.98,147.99,4.12
rice,107.8,55.8,53.4,22.4,72.01,5.26,124.2,4.34
rice,99.96,48.54,51.07,27.6,60.24,5.82,151.77,3.95
rice,81.33,32.36,41.91,23.33,74.19,6.72,180.06,3.66
rice,84.18,49.09,51.19,22.32,83.41,5.13,154.13,4.12
rice,108.56,54.05,40.18,30.15,62.0,7.24,154.76,4.3
rice,105.74,45.79,51.95,22.82,61.51,5.62,115.95,4.48
rice,119.03,40.11,35.46,29.9,76.47,6.25,155.54,4.16
rice,119.85,59.24,49.51,24.0,77.01,5.18,103.07,3.59
rice,114.73,51.82,52.28,26.25,68.65,5.93,198.76,3.69
rice,103.15,43.16,51.76,26.87,81.84,7.25,142.17,4.0
rice,116.49,36.32,48.69,28.32,78.33,5.33,171.58,4.17
rice,89.5,59.14,35.43,30.54,72.31,5.62,187.07,3.66
rice,94.37,47.79,34.91,25.91,84.24,5.65,165.67,3.97
rice,85.23,59.09,43.61,24.36,61.84,5.42,151.98,3.8
rice,97.24,37.46,48.51,29.07,64.18,5.42,103.67,4.52
rice,98.99,55.33,54.17,27.85,81.71,5.51,111.19,3.83
rice,101.25,58.1,31.18,23.22,71.3,7.33,131.62,3.94
rice,85.93,59.6,58.95,22.05,83.8,6.6,186.79,3.53
rice,99.55,50.01,34.19,22.3,67.7,6.76,120.19,4.06
rice,83.76,50.18,43.31,30.68,64.43,6.73,183.81,4.45
rice,99.89,48.54,56.07,27.71,60.76,7.33,168.95,4.17
rice,106.36,41.82,49.54,23.07,76.45,7.5,104.82,4.54
rice,114.83,53.47,47.01,29.38,81.96,6.01,132.7,4.2
rice,110.49,53.93,43.07,30.18,63.01,6.36,100.58,3.85
rice,95.85,50.86,41.66,26.49,65.94,5.93,122.73,3.99
rice,106.73,48.58,43.9,25.8,81.58,6.3,147.92,3.81
rice,95.21,41.96,47.41,27.34,75.2,6.91,181.3,4.36
rice,80.73,35.87,30.23,28.47,82.45,5.61,192.7,3.52
rice,94.06,33.04,44.58,24.57,67.12,5.77,180.3,4.29
rice,104.41,51.48,38.18,26.14,63.05,5.45,168.11,3.72
rice,108.36,33.21,47.02,24.57,84.07,6.21,180.6,3.87
rice,105.33,58.54,48.05,30.19,82.11,5.57,121.2,3.92
rice,113.59,57.0,40.6,24.37,79.51,5.69,182.26,3.77
rice,83.82,48.72,43.55,27.87,64.2,6.84,186.28,4.0
rice,80.95,49.26,48.21,27.47,65.8,5.98,159.45,4.05
rice,85.46,50.85,42.13,26.28,77.94,6.73,199.13,3.69
rice,108.97,47.35,38.22,22.79,62.14,7.24,119.19,4.01
rice,94.2,32.08,45.57,22.68,80.01,5.58,154.0,4.34
rice,101.32,39.73,39.99,28.69,84.85,6.65,155.78,4.3
rice,82.41,46.87,58.73,23.75,77.25,5.5,153.58,3.74
rice,110.25,40.43,49.95,29.95,83.18,5.59,139.93,3.89
rice,117.08,46.2,55.26,27.21,75.59,5.22,175.53,3.83
rice,111.28,51.26,31.08,25.03,66.58,5.9,108.76,4.27
rice,92.22,41.91,43.42,28.01,72.89,7.3,149.7,4.63
rice,88.34,57.92,33.49,30.17,69.52,7.19,186.81,3.94
rice,92.19,32.43,42.09,23.74,77.37,5.87,197.56,4.15
rice,85.3,55.86,57.68,26.87,75.16,6.91,117.48,4.07
rice,85.85,41.03,32.05,22.26,63.38,7.41,154.95,4.11
rice,92.47,45.18,43.19,23.06,76.02,5.54,161.96,4.47
rice,82.45,53.42,43.79,22.58,84.87,5.14,169.5,4.23
rice,85.69,33.64,39.1,23.01,77.3,5.16,150.94,4.08
rice,104.61,39.19,48.72,27.27,70.65,5.33,188.66,4.28
rice,94.71,42.42,54.83,29.34,79.23,5.03,141.62,3.94
rice,90.39,52.81,34.11,27.35,65.38,5.03,124.12,4.41
rice,118.38,44.64,33.29,27.48,71.36,7.11,109.81,3.8
rice,92.99,52.12,44.28,25.76,69.86,6.15,178.5,4.7
rice,111.48,39.46,50.64,26.38,66.37,7.1,103.84,4.27
rice,105.49,49.78,56.85,28.37,75.35,5.17,151.84,3.71
rice,100.49,50.41,31.25,22.85,77.91,5.18,107.13,3.5
rice,109.5,40.6,38.9,25.5,79.37,6.65,118.52,3.99
rice,106.41,52.93,37.95,22.21,62.05,7.42,129.54,4.26
rice,95.28,36.17,33.64,28.15,79.37,6.61,153.03,3.78
rice,111.95,38.78,59.4,28.02,74.56,6.87,181.18,4.08
rice,93.53,57.84,36.74,25.72,70.8,6.1,161.29,4.42
rice,84.86,35.92,56.61,28.46,67.15,7.04,186.14,3.96
rice,90.09,52.65,43.82,30.42,78.21,6.94,165.62,3.83
rice,119.39,58.12,31.3,23.65,63.29,6.81,181.78,3.36
rice,113.63,51.98,46.27,27.9,72.71,5.74,156.5,4.51
rice,105.45,52.83,34.8,26.62,60.23,5.62,172.65,4.55
rice,96.06,54.0,36.12,27.55,78.33,6.54,118.8,3.95
rice,102.17,30.16,52.83,22.35,78.64,5.51,195.81,3.71
rice,85.96,39.17,56.3,31.96,69.21,6.12,172.21,4.33
rice,95.66,42.38,50.87,22.03,75.49,5.89,179.42,3.68
rice,99.24,49.27,31.95,27.8,74.04,6.4,160.35,4.22
rice,90.79,54.75,44.95,22.77,61.46,5.84,178.49,4.06
rice,100.69,43.21,34.42,25.28,70.85,5.22,122.06,4.31
rice,119.93,57.99,49.28,26.21,75.9,6.96,111.83,3.9
rice,95.35,47.16,47.63,23.84,69.06,5.84,102.62,3.74
rice,90.92,45.54,38.96,31.41,66.48,6.07,187.27,4.2
rice,112.11,43.75,44.49,23.33,62.02,6.82,149.65,4.05
rice,110.62,34.77,48.31,23.35,78.78,6.64,195.66,3.72
rice,91.29,37.85,37.41,31.06,66.24,5.68,175.94,3.84
rice,82.61,44.63,31.01,22.63,82.66,5.35,153.24,3.66
rice,115.99,30.65,49.91,31.63,74.0,7.34,105.23,3.92
rice,109.23,59.44,37.7,28.54,64.95,6.41,146.39,4.55
rice,93.98,33.42,34.54,24.25,66.27,7.13,156.12,4.19
rice,114.41,51.68,32.03,29.08,73.59,5.2,145.83,4.03
rice,117.83,55.5,50.07,26.62,70.29,6.63,154.54,3.52
rice,112.26,43.78,31.56,29.86,65.03,5.65,116.47,3.7
rice,100.78,36.15,56.33,30.8,81.76,5.6,145.12,4.36
rice,81.09,31.96,43.92,31.09,73.47,6.24,110.55,3.95
rice,95.22,53.27,58.93,24.04,73.08,5.72,179.29,4.27
rice,111.92,41.88,57.45,27.33,63.95,6.74,179.33,3.95
rice,116.25,38.31,59.51,23.41,65.05,5.46,189.4,3.98
rice,97.61,48.46,32.5,30.82,80.09,6.26,196.71,3.87
rice,106.72,49.04,34.98,30.82,70.69,5.41,101.26,4.26
rice,108.77,56.71,32.38,29.31,64.69,7.15,181.91,4.03
rice,92.57,44.14,54.65,26.59,68.94,6.24,182.82,3.9
rice,108.48,54.78,33.02,24.4,63.55,5.87,145.04,4.28
rice,104.84,40.57,55.24,26.71,84.48,6.59,112.63,4.12
rice,107.45,32.09,35.25,30.56,65.68,7.09,127.93,3.85
rice,100.51,39.16,36.38,22.33,67.6,6.63,193.83,4.48
rice,111.54,49.95,37.81,31.07,76.77,6.4,111.1,4.02
rice,114.58,46.4,41.41,31.77,62.77,6.06,104.2,4.01
rice,91.2,55.75,38.77,31.11,78.85,7.01,101.8,4.21
rice,92.19,54.88,38.45,30.73,62.81,6.76,154.07,3.85
rice,80.5,44.06,39.04,27.98,67.43,5.75,174.32,3.72
rice,114.09,50.03,47.8,30.92,64.63,5.2,123.95,4.31
rice,103.31,59.86,55.67,27.21,61.59,7.08,159.9,3.56
rice,116.39,50.08,54.88,30.79,74.29,6.29,143.04,3.65
rice,110.96,48.06,56.78,26.43,75.18,6.58,159.17,4.16
rice,100.49,33.13,41.54,26.88,76.31,7.38,160.07,4.29
rice,105.36,32.13,37.63,25.62,71.81,5.11,114.0,3.75
rice,93.25,44.46,35.88,28.11,67.02,5.52,151.66,3.64
rice,88.76,31.1,33.24,25.39,80.06,6.43,151.27,3.76
rice,95.88,32.61,48.51,23.14,68.63,6.27,187.42,4.0
rice,119.71,33.94,38.24,25.95,70.55,6.03,190.76,4.18
rice,92.37,54.71,58.65,30.21,60.04,6.59,105.11,3.54
rice,104.15,50.6,33.43,25.84,71.41,5.92,112.1,4.05
rice,82.84,32.41,40.64,31.42,76.71,6.7,136.19,3.75
rice,105.44,57.4,48.38,30.74,78.1,5.3,190.25,3.65
rice,85.69,30.35,42.66,24.95,72.15,6.44,104.37,3.5
rice,93.73,51.88,49.57,30.46,77.31,6.07,167.3,4.13
rice,111.56,43.39,53.95,30.22,81.44,7.29,143.1,3.97
rice,94.85,48.03,51.17,28.88,69.36,5.42,143.05,3.9
rice,93.84,34.63,30.76,28.46,75.92,5.85,107.17,3.73
rice,107.08,48.17,40.94,24.18,84.7,6.14,168.83,3.86
rice,81.1,45.16,58.92,25.84,60.97,5.08,138.8,3.68
rice,110.25,43.76,38.68,31.0,62.9,7.39,131.4,4.21
rice,113.07,59.52,38.65,31.61,69.74,5.96,134.04,3.95
rice,102.15,46.25,52.86,30.34,71.01,5.76,125.93,4.09
rice,93.7,38.11,58.99,27.58,68.68,6.45,113.92,4.11
rice,99.56,42.05,59.82,30.8,75.59,6.42,162.07,4.01
rice,81.58,44.27,46.29,24.28,84.1,7.27,172.21,4.16
rice,85.23,53.72,33.74,29.94,66.89,7.19,194.4,3.72
rice,119.24,44.5,55.91,27.89,69.38,5.71,120.32,4.13
rice,100.45,44.77,47.32,30.66,84.52,6.02,182.75,4.5
rice,118.24,36.01,33.28,30.54,70.98,7.12,189.31,3.56
rice,97.93,45.31,48.8,31.26,60.48,6.19,168.77,4.49
rice,85.38,38.98,40.76,30.04,66.97,5.53,195.74,3.75
rice,107.07,54.85,38.84,22.14,78.45,7.09,174.05,3.51
rice,110.76,49.76,52.98,30.46,75.34,5.22,148.76,3.64
rice,96.28,31.98,40.46,23.11,80.21,7.37,107.23,4.25
rice,91.98,32.31,45.02,29.95,77.68,5.13,107.29,3.85
rice,89.3,38.43,54.1,31.29,70.13,7.27,132.15,3.84
rice,105.62,59.37,48.1,25.58,76.2,5.31,188.87,4.13
rice,103.43,48.74,32.15,28.83,66.05,6.78,182.25,4.15
rice,100.81,34.29,53.26,24.71,72.42,5.71,113.38,4.34
rice,109.95,39.53,30.0,27.11,61.17,5.69,170.7,3.67
rice,80.15,37.4,52.23,25.16,62.55,5.9,127.04,4.02
rice,111.56,56.76,43.01,31.1,69.43,7.41,108.93,4.0
rice,95.51,48.98,51.12,22.04,64.17,6.78,166.64,4.54
rice,118.03,51.08,38.94,23.05,79.55,6.61,104.82,3.86
rice,100.02,42.98,43.73,24.09,69.22,5.92,105.24,4.67
rice,112.89,55.51,36.36,28.57,71.81,7.2,121.57,4.23
rice,91.81,34.1,49.55,29.39,67.89,6.61,139.51,4.43
rice,115.61,38.62,41.03,22.58,62.79,6.29,126.76,4.23
rice,95.16,40.12,30.58,23.24,70.34,6.23,140.43,4.26
rice,80.4,43.92,58.9,27.19,76.94,5.78,177.4,4.26
wheat,148.8,45.02,30.51,21.93,70.18,6.18,70.62,2.72
wheat,138.66,60.72,40.44,18.35,50.03,6.45,85.86,3.33
wheat,101.18,75.94,53.5,22.02,61.45,6.6,72.12,2.88
wheat,112.33,59.36,52.42,19.26,51.45,7.44,97.71,3.34
wheat,127.22,78.51,32.27,18.29,55.63,6.29,65.63,3.27
wheat,128.91,45.88,54.33,20.72,59.7,7.01,70.4,2.98
wheat,114.53,58.8,56.7,21.37,51.56,6.22,60.31,3.17
wheat,106.71,78.32,45.89,17.18,62.52,7.02,63.05,2.9
wheat,122.98,61.86,42.98,15.4,54.14,6.67,68.37,2.95
wheat,149.06,71.73,55.61,17.18,74.02,6.3,98.06,3.09
wheat,149.06,62.78,37.79,18.93,64.84,6.11,84.89,3.53
wheat,139.63,76.32,58.31,23.64,63.04,7.47,90.29,2.64
wheat,135.92,49.89,49.22,21.0,54.07,6.85,90.87,3.12
wheat,100.45,54.28,57.79,17.06,65.86,6.33,72.87,3.12
wheat,104.77,57.15,30.88,19.33,66.56,6.18,71.56,3.05
wheat,149.66,41.8,52.83,18.35,59.81,7.13,96.74,3.17
wheat,117.86,71.5,37.53,20.08,58.96,6.98,69.62,2.94
wheat,105.09,60.24,36.63,15.35,50.9,6.26,94.67,2.91
wheat,129.08,57.46,47.4,19.65,68.97,6.42,74.12,3.55
wheat,144.63,56.78,53.41,19.29,62.44,6.31,83.65,2.87
wheat,142.75,48.28,32.13,15.62,73.52,6.76,76.38,3.07
wheat,116.61,67.74,53.13,20.89,53.79,7.31,81.56,2.96
wheat,101.88,45.11,52.97,15.0,60.41,6.78,62.19,3.41
wheat,115.21,52.16,36.91,15.01,68.23,7.45,68.97,3.18
wheat,142.42,56.91,39.09,17.93,67.82,7.23,67.26,3.1
wheat,140.33,79.39,52.63,18.54,64.77,6.99,63.14,3.01
wheat,108.37,71.23,47.51,23.57,51.06,6.4,84.06,2.95
wheat,137.95,44.1,45.42,19.58,59.23,7.4,93.1,3.17
wheat,123.09,76.84,50.84,21.56,71.54,6.41,92.28,2.84
wheat,116.78,79.14,55.7,21.31,68.18,6.84,97.88,3.06
wheat,108.15,71.45,52.03,18.46,50.63,7.26,60.46,3.14
wheat,121.88,49.4,51.15,22.35,63.66,7.45,62.07,3.09
wheat,143.13,47.17,54.0,19.97,59.91,6.2,94.61,2.91
wheat,114.5,74.86,50.18,22.17,56.26,6.94,82.87,3.52
wheat,100.61,66.96,31.56,19.94,57.19,6.46,74.12,3.07
wheat,136.63,56.18,32.05,22.05,57.14,6.65,87.42,3.08
wheat,118.7,77.78,49.25,21.04,65.81,6.3,76.73,3.51
wheat,113.89,51.05,42.96,23.82,51.69,6.78,67.17,3.56
wheat,120.18,69.52,51.14,18.8,58.66,6.6,70.57,3.06
wheat,113.43,51.5,49.7,23.72,65.09,6.12,63.02,3.5
wheat,104.6,63.96,48.71,20.84,56.69,6.02,98.6,2.86
wheat,135.33,64.4,39.39,17.44,64.94,7.3,97.87,2.96
wheat,147.24,69.46,56.49,16.82,64.69,7.05,87.2,2.9
wheat,129.15,50.12,43.51,23.62,59.98,7.26,67.54,3.24
wheat,105.09,40.33,43.01,15.83,68.71,7.37,77.36,2.85
wheat,136.17,40.36,47.68,20.52,65.94,6.36,88.56,2.78
wheat,143.87,69.55,30.41,17.24,55.36,6.41,69.9,2.78
wheat,136.64,64.27,50.19,15.73,73.79,7.26,92.2,3.32
wheat,127.21,48.01,48.5,21.69,68.45,6.78,62.74,3.18
wheat,129.22,61.53,38.07,18.32,72.38,7.0,91.5,3.13
wheat,112.42,68.22,42.83,18.98,66.23,7.4,62.56,3.3
wheat,122.2,40.88,39.03,19.52,51.4,6.74,97.08,2.94
wheat,120.48,66.21,37.81,16.44,54.01,6.11,67.43,3.45
wheat,140.71,67.41,33.31,17.6,57.75,6.37,80.6,3.0
wheat,117.69,73.14,53.68,17.77,72.84,7.43,73.07,2.96
wheat,147.06,75.05,33.08,18.53,63.83,6.75,67.75,3.36
wheat,141.9,74.35,52.45,18.95,65.26,6.24,86.95,2.78
wheat,111.48,44.7,34.96,15.02,67.97,7.1,80.6,2.94
wheat,100.96,46.63,56.73,17.17,58.86,6.16,68.89,2.98
wheat,112.27,42.31,41.73,17.11,55.49,7.44,84.65,3.1
wheat,121.45,61.64,50.89,21.32,54.29,6.75,76.48,3.43
wheat,126.63,44.62,48.17,16.05,58.43,6.21,87.68,2.97
wheat,144.78,48.17,45.23,18.77,50.45,7.19,62.76,3.02
wheat,131.42,67.55,37.6,15.09,68.09,6.8,93.44,3.51
wheat,124.25,53.35,53.75,19.06,54.59,7.28,95.3,3.29
wheat,119.39,72.14,57.05,16.83,51.67,7.32,75.58,3.17
wheat,103.33,65.93,32.22,18.38,70.1,6.65,99.89,3.15
wheat,111.01,54.02,41.18,15.62,59.24,6.7,88.91,3.21
wheat,100.42,48.71,49.85,19.36,50.13,7.21,90.91,3.09
wheat,138.33,63.35,53.46,21.77,70.08,6.78,65.61,3.26
wheat,137.11,46.8,35.85,23.01,68.75,7.36,90.35,3.2
wheat,144.46,63.15,48.97,16.41,61.85,7.07,70.84,2.92
wheat,112.08,48.6,42.75,23.17,62.68,6.28,63.08,3.33
wheat,141.09,66.38,53.89,17.45,67.31,6.4,97.56,3.31
wheat,113.48,47.64,50.84,16.97,64.88,6.4,86.48,3.33
wheat,138.04,47.51,32.65,21.29,59.21,6.65,61.25,2.8
wheat,143.96,49.74,46.72,15.35,66.67,6.48,95.92,3.35
wheat,145.05,79.85,54.76,22.6,56.23,6.87,62.69,2.67
wheat,116.33,69.93,54.2,22.72,74.94,6.36,61.61,3.07
wheat,101.12,54.42,53.51,20.1,57.82,6.98,69.28,2.92
wheat,131.19,70.49,31.17,22.53,65.49,6.85,84.98,3.37
wheat,129.05,79.63,52.7,18.98,67.68,6.58,69.16,3.22
wheat,146.46,53.68,45.83,16.9,74.89,7.47,85.98,3.32
wheat,129.66,42.13,43.64,21.07,66.94,6.56,97.67,2.88
wheat,134.54,67.89,49.46,17.48,53.91,6.95,83.97,2.93
wheat,122.76,66.71,55.12,16.53,50.48,7.17,84.39,3.44
wheat,140.14,78.44,46.08,19.4,60.05,6.23,82.9,3.08
wheat,129.16,63.71,40.65,15.47,50.79,6.64,63.38,3.13
wheat,144.15,66.36,36.34,22.77,72.15,6.29,89.5,2.82
wheat,149.86,41.2,56.92,20.6,74.33,6.7,93.9,2.69
wheat,103.35,79.01,54.51,22.67,73.45,6.13,75.42,2.73
wheat,111.47,58.76,38.06,15.91,54.19,6.22,98.92,3.4
wheat,121.99,51.13,53.95,17.94,57.48,6.35,65.19,3.0
wheat,133.7,42.5,36.32,22.28,53.67,6.51,94.59,2.97
wheat,124.23,52.1,46.9,22.23,53.43,6.87,80.22,3.09
wheat,113.68,59.51,32.47,19.14,57.66,7.23,62.28,3.18
wheat,136.25,62.97,50.02,21.99,71.56,6.47,81.52,3.46
wheat,144.48,54.86,35.85,19.4,68.54,6.74,79.33,3.24
wheat,142.99,56.27,39.85,19.09,69.06,6.19,67.86,3.61
wheat,128.39,63.17,44.69,20.8,55.75,6.83,74.89,3.35
wheat,128.54,47.41,38.36,16.97,54.57,7.24,71.43,3.37
wheat,128.56,45.72,41.24,22.18,59.18,6.13,82.27,3.56
wheat,108.76,66.91,36.62,16.96,71.85,6.37,70.53,2.81
wheat,139.63,65.09,52.51,16.37,61.46,6.53,63.75,3.26
wheat,102.0,51.66,36.23,17.14,72.71,6.7,78.65,3.21
wheat,124.36,57.2,47.91,24.0,69.24,6.6,93.1,3.04
wheat,110.22,53.62,45.32,20.54,72.77,6.76,80.05,3.07
wheat,127.56,57.53,55.18,16.45,50.62,6.67,69.5,2.78
wheat,105.58,64.33,38.43,16.56,59.49,7.2,75.68,3.41
wheat,138.64,49.48,50.32,20.09,73.23,6.58,62.65,2.75
wheat,126.24,71.01,37.03,18.11,50.75,7.44,86.71,3.58
wheat,130.57,67.14,39.53,22.63,73.68,7.33,89.56,2.92
wheat,148.17,40.41,51.48,21.36,65.57,7.49,72.48,2.9
wheat,122.14,50.44,40.3,22.51,73.39,6.28,74.9,3.62
wheat,104.62,46.51,47.86,16.35,74.2,6.67,80.06,2.9
wheat,133.1,70.05,52.62,20.2,72.61,7.23,90.28,2.95
wheat,110.62,66.54,42.34,18.62,72.11,7.34,96.37,3.13
wheat,113.58,47.62,35.54,18.08,60.75,7.25,64.8,3.35
wheat,114.4,59.71,39.0,20.36,60.85,6.25,64.66,3.43
wheat,117.2,69.32,49.76,23.38,70.52,6.85,86.28,3.42
wheat,116.34,40.43,54.8,22.21,52.61,6.87,78.56,2.74
wheat,110.73,42.69,47.85,21.65,50.81,6.99,81.29,2.72
wheat,128.4,51.85,58.15,22.37,74.59,6.39,98.79,2.98
wheat,102.52,42.11,50.76,19.12,55.66,6.92,70.11,2.97
wheat,141.18,72.83,44.32,18.16,59.06,7.21,73.13,3.01
wheat,123.33,59.29,55.23,16.99,59.52,7.21,92.94,3.09
wheat,115.16,77.3,33.56,23.4,67.1,6.8,61.31,2.88
wheat,108.06,66.26,59.13,20.06,67.87,6.1,76.71,2.71
wheat,146.92,66.47,32.3,18.19,63.77,6.6,93.35,3.37
wheat,118.67,50.21,33.18,18.19,60.33,7.01,86.33,2.95
wheat,109.09,46.27,54.82,15.38,60.48,6.25,95.17,3.02
wheat,125.12,69.26,58.74,16.98,72.15,7.4,96.66,3.34
wheat,120.16,70.1,45.94,21.1,60.71,7.1,92.98,2.93
wheat,127.01,73.79,42.94,18.41,72.88,6.38,93.77,3.37
wheat,115.42,62.92,39.76,15.35,56.8,6.01,99.13,3.5
wheat,136.42,53.83,50.13,22.25,73.67,6.6,91.33,2.91
wheat,101.29,64.14,49.79,21.19,53.01,7.41,67.25,3.2
wheat,115.36,61.86,42.52,16.44,54.27,6.63,90.29,3.59
wheat,119.66,44.01,30.5,20.96,65.06,6.24,69.35,2.79
wheat,148.73,45.42,36.94,22.82,73.16,6.63,62.02,2.77
wheat,119.64,41.15,47.5,15.1,69.68,6.46,61.61,3.07
wheat,148.69,61.77,38.26,21.38,56.79,7.36,74.99,3.06
wheat,121.31,73.29,54.17,17.02,55.65,7.23,97.22,2.76
wheat,116.87,74.83,32.51,16.9,68.81,6.08,79.7,2.95
wheat,119.73,61.2,34.84,20.15,70.14,7.14,66.16,2.93
wheat,118.05,56.34,50.39,15.51,50.87,6.59,87.89,3.13
wheat,112.99,75.44,56.87,17.68,55.75,6.62,69.62,3.04
wheat,133.65,72.97,41.91,16.41,68.45,6.54,86.85,3.02
wheat,149.63,46.25,59.65,23.8,69.85,6.99,83.11,3.12
wheat,123.38,64.78,42.34,18.85,58.26,6.85,94.02,3.29
wheat,134.45,72.93,46.69,22.02,50.41,7.23,61.61,3.54
wheat,114.7,48.41,52.96,17.28,71.64,6.15,65.04,3.48
wheat,142.34,52.97,50.29,20.35,65.08,7.02,83.01,3.29
wheat,138.43,49.05,50.77,17.1,65.63,7.12,68.75,2.94
wheat,130.3,73.98,31.35,21.61,58.53,6.72,97.15,3.15
wheat,100.68,43.26,37.76,15.25,65.78,6.64,81.93,2.85
wheat,133.19,78.61,31.51,23.01,64.42,6.85,80.01,2.69
wheat,130.05,53.64,57.52,18.66,53.58,7.07,71.73,3.17
wheat,145.01,71.69,50.29,21.12,73.65,6.44,60.04,2.93
wheat,133.09,65.35,47.8,15.15,68.22,6.49,86.6,3.21
wheat,106.73,43.78,54.95,23.27,66.24,6.16,76.08,3.06
wheat,105.91,40.0,51.36,18.21,56.36,6.02,81.61,3.25
wheat,128.29,60.58,32.55,19.94,59.5,6.91,75.55,3.27
wheat,115.75,43.87,35.31,23.89,61.1,6.8,94.94,3.23
wheat,140.62,53.08,39.17,18.62,66.81,7.02,72.61,3.03
wheat,106.42,63.14,50.8,21.31,68.84,7.31,80.0,3.37
wheat,109.33,41.03,38.54,18.99,65.43,7.27,67.85,2.98
wheat,105.4,59.14,47.57,19.87,52.15,6.09,64.22,3.35
wheat,111.69,65.51,54.6,15.37,62.45,7.03,70.09,3.1
wheat,144.9,72.4,47.49,21.57,59.12,6.96,78.65,2.95
wheat,127.82,54.34,57.34,15.19,57.89,6.09,90.66,3.18
wheat,133.78,55.84,52.69,19.09,60.31,7.4,70.04,3.01
wheat,148.47,55.11,31.86,18.05,62.65,6.24,86.32,3.45
wheat,117.74,56.03,33.45,22.95,60.37,6.58,86.39,3.29
wheat,103.07,72.55,58.22,20.84,73.86,6.23,79.1,3.11
wheat,120.07,53.52,33.8,18.53,54.07,7.1,68.35,2.82
wheat,129.76,74.88,47.31,18.11,70.08,6.81,63.17,3.29
wheat,119.82,51.85,34.3,16.36,60.82,6.89,63.22,3.4
wheat,129.33,73.14,32.41,19.29,65.75,7.24,91.34,2.88
wheat,106.22,75.01,59.13,16.59,68.05,6.06,76.22,2.87
wheat,146.8,66.89,44.44,22.29,73.76,6.03,99.3,2.7
wheat,114.02,45.29,43.2,20.8,59.52,6.08,83.98,3.57
wheat,110.82,57.7,31.45,22.38,70.66,6.88,74.12,3.21
wheat,141.3,65.26,53.53,20.39,60.35,7.44,81.64,3.16
wheat,131.28,62.86,35.55,15.54,65.11,7.15,80.94,3.19
wheat,104.01,57.67,34.9,16.66,55.06,6.58,62.05,2.96
wheat,124.16,55.31,55.17,16.31,62.64,6.09,62.85,3.12
wheat,143.9,62.31,58.79,15.44,52.45,6.07,67.41,2.94
wheat,102.28,77.84,55.26,17.67,51.93,6.25,65.08,2.59
wheat,112.29,54.33,59.69,21.16,73.72,6.21,75.29,2.98
wheat,100.21,66.82,49.25,18.7,62.24,6.62,60.96,2.89
wheat,104.92,78.27,47.98,21.56,57.88,6.59,69.48,2.85
wheat,139.88,67.1,46.41,19.28,73.06,6.11,71.22,2.99
wheat,149.63,49.63,56.23,22.48,55.62,6.6,76.39,3.22
wheat,139.96,53.37,51.93,18.78,64.46,7.25,92.17,3.53
wheat,134.6,45.6,42.47,19.94,60.07,6.78,99.86,2.96
wheat,119.8,45.32,34.76,23.54,71.99,7.36,99.66,2.99
wheat,133.46,59.35,42.55,18.22,64.84,6.86,66.46,3.31
wheat,128.51,48.4,52.27,15.23,58.87,7.17,82.56,3.01
wheat,128.37,71.85,52.05,20.49,62.2,6.2,70.45,3.27
wheat,125.69,51.53,30.19,19.47,57.14,7.1,60.96,3.11
wheat,108.72,58.87,32.74,20.63,63.76,6.61,80.86,3.3
wheat,101.13,74.47,47.31,23.02,64.92,7.22,77.19,3.25
wheat,128.61,47.23,38.06,16.79,56.17,6.46,82.21,3.26
wheat,130.77,43.26,32.63,16.55,62.95,6.32,71.33,3.14
wheat,100.69,65.98,50.07,22.19,73.32,6.03,66.15,3.39
wheat,128.23,66.52,50.37,23.39,74.92,7.08,71.49,3.4
wheat,111.55,75.9,37.69,16.99,53.45,7.29,80.0,3.2
wheat,137.9,70.4,39.38,18.7,55.24,7.46,85.82,3.42
wheat,139.09,70.63,50.75,23.69,59.84,6.2,86.87,3.41
wheat,110.34,60.18,39.37,18.85,66.13,7.12,69.29,3.29
wheat,109.93,71.34,57.28,18.33,68.78,7.35,93.84,2.97
wheat,118.83,53.57,31.87,19.38,52.73,6.37,72.68,3.29
wheat,115.12,74.35,55.72,21.88,53.67,7.04,97.8,3.26
wheat,125.03,65.83,45.32,16.08,57.8,7.2,94.46,3.01
wheat,116.44,66.49,52.55,22.31,73.64,6.47,94.34,2.83
wheat,137.1,67.11,37.57,22.86,54.22,6.08,88.7,3.23
wheat,119.17,46.73,55.09,19.94,54.73,7.08,80.44,3.08
wheat,141.44,73.18,51.28,15.95,70.97,7.01,87.88,3.11
wheat,136.27,44.5,42.23,22.98,51.18,7.44,87.17,3.05
wheat,112.44,77.68,38.95,21.98,59.83,6.21,60.43,3.2
wheat,118.46,54.29,40.32,19.68,61.02,7.32,80.22,3.25
wheat,149.14,50.0,32.2,20.97,64.88,6.62,76.89,3.15
wheat,141.01,65.95,42.57,19.12,56.42,7.13,80.51,3.02
wheat,149.79,57.41,57.62,18.11,51.37,6.31,76.75,2.86
wheat,145.75,73.76,52.27,16.51,53.01,6.1,88.96,3.19
wheat,105.96,60.5,40.46,18.37,65.53,7.08,64.42,2.95
wheat,111.64,42.15,35.7,15.35,59.8,7.2,73.65,2.85
wheat,125.44,74.46,55.98,15.09,69.45,6.69,99.55,2.97
wheat,137.73,49.94,46.15,23.93,71.44,6.15,88.25,2.91
wheat,120.17,49.39,54.57,18.04,70.69,6.0,72.31,2.97
wheat,103.41,47.48,46.67,17.62,60.43,6.57,95.04,3.48
wheat,116.51,44.27,58.6,15.54,57.44,6.45,72.82,2.95
wheat,106.12,65.4,33.72,15.63,72.74,6.29,92.85,2.95
wheat,147.77,49.88,55.79,16.52,71.35,6.02,80.47,3.15
wheat,145.46,72.78,56.65,16.79,57.1,6.43,75.08,3.02
wheat,107.99,67.65,35.03,17.79,62.58,7.19,89.58,3.14
wheat,127.35,43.5,41.32,18.72,51.0,6.41,98.23,3.44
wheat,102.16,47.16,41.77,23.53,53.53,7.15,64.35,3.29
wheat,138.76,53.7,48.83,16.73,53.65,7.41,96.71,3.25
wheat,140.41,42.76,40.04,17.82,65.89,6.53,65.94,3.01
wheat,119.11,45.29,35.9,17.14,57.5,6.96,84.04,3.17
wheat,141.2,48.16,44.07,22.21,54.5,6.16,95.35,3.05
wheat,101.27,67.6,39.48,15.5,65.25,6.36,75.47,2.69
wheat,114.9,43.59,57.32,15.05,62.1,6.18,72.31,3.2
wheat,148.29,48.23,52.25,19.92,72.11,6.83,81.38,2.82
wheat,145.82,53.11,41.16,21.84,58.47,7.43,89.52,3.04
wheat,102.48,50.28,43.95,17.04,68.6,7.38,76.95,2.91
wheat,122.24,59.56,40.55,23.19,64.22,7.14,92.47,3.34
wheat,142.42,54.53,53.82,23.47,65.58,7.11,92.2,3.14
wheat,102.56,56.08,50.21,19.05,68.72,6.54,85.39,3.0
wheat,127.28,48.16,38.76,21.74,62.07,6.32,98.69,3.33
wheat,121.36,59.0,56.94,19.73,67.68,6.38,77.87,3.09
wheat,100.05,41.57,59.32,17.18,66.58,7.26,82.03,2.72
wheat,130.01,69.25,53.09,23.78,64.34,6.51,85.94,2.84
wheat,105.97,53.11,54.47,20.38,59.84,6.71,94.18,3.12
wheat,104.41,71.07,55.43,16.64,60.76,6.25,88.26,3.05
wheat,109.82,48.47,31.24,17.9,63.99,7.29,86.68,3.12
wheat,135.96,77.21,45.83,17.33,51.32,7.09,64.85,2.96
wheat,128.22,64.02,34.99,18.42,65.43,7.45,89.11,3.67
wheat,129.59,47.68,50.0,20.61,65.06,6.73,81.15,3.26
wheat,109.88,72.21,35.57,15.76,60.91,6.99,77.51,3.09
wheat,117.35,77.31,57.68,19.52,58.2,7.11,61.47,3.08
wheat,146.03,40.48,46.58,21.67,62.13,6.13,98.9,3.04
wheat,111.83,59.34,42.87,15.67,52.65,7.26,69.59,3.07
wheat,138.44,42.48,47.3,16.07,50.91,6.08,93.37,2.92
wheat,121.89,73.76,37.87,18.8,51.0,6.67,83.1,3.4
wheat,115.78,44.26,41.0,15.9,69.16,7.45,98.8,3.25
wheat,135.04,51.41,48.92,19.1,62.05,7.14,71.28,3.23
wheat,102.81,59.43,57.38,20.49,63.66,6.37,73.73,3.24
wheat,125.74,43.98,30.48,23.67,59.42,6.9,63.19,3.22
wheat,128.78,45.04,47.45,21.9,60.16,7.32,85.95,3.38
wheat,106.56,52.39,36.05,23.18,69.01,7.01,72.04,2.83
wheat,123.71,49.03,48.5,15.36,58.15,6.7,65.92,3.65
wheat,106.52,48.14,53.07,18.83,64.14,6.03,61.38,2.93
wheat,144.26,43.47,46.15,23.22,59.7,7.24,65.35,3.37
wheat,147.07,67.06,40.9,23.44,56.89,6.5,88.03,3.27
wheat,110.24,71.92,52.16,15.57,59.68,6.42,72.18,3.26
wheat,135.88,79.06,41.32,22.22,60.86,7.3,67.23,3.33
wheat,116.31,70.25,41.81,20.47,61.11,7.11,69.13,2.98
wheat,123.72,46.72,40.64,18.6,51.43,6.87,95.37,2.91
wheat,133.24,56.77,51.03,18.7,62.62,6.01,87.67,3.48
wheat,118.41,79.16,42.62,19.52,72.75,7.08,83.28,3.54
wheat,122.84,59.0,41.58,23.7,67.43,6.12,94.52,3.18
wheat,127.49,56.69,56.33,16.84,70.66,6.84,62.18,3.39
wheat,114.54,58.78,55.74,17.74,54.82,6.19,71.91,3.33
wheat,111.37,46.65,39.98,23.46,58.58,7.48,79.41,2.97
wheat,123.02,68.39,59.51,15.45,52.42,7.08,71.27,2.86
wheat,101.09,70.98,34.03,19.21,65.15,6.64,61.08,3.05
wheat,138.09,75.73,42.99,19.82,61.92,6.58,95.5,3.46
wheat,130.75,77.08,58.86,19.58,61.32,6.42,98.35,3.03
wheat,114.13,51.16,42.15,23.99,51.37,6.87,63.3,2.88
wheat,125.52,50.35,39.49,15.78,57.58,7.45,97.79,3.08
wheat,145.48,40.25,54.32,23.54,52.28,6.24,98.43,3.05
wheat,112.88,58.0,50.79,21.6,74.89,6.43,81.53,3.27
wheat,108.46,79.1,55.6,19.48,65.08,6.34,81.75,3.25
wheat,149.51,64.45,41.13,21.95,54.26,6.58,73.88,3.07
wheat,124.21,71.76,47.29,18.08,70.25,6.36,68.98,3.43
wheat,100.45,65.93,45.33,19.01,74.17,6.86,94.54,2.95
wheat,143.4,63.32,51.54,18.35,52.31,6.69,75.78,3.51
maize,198.0,88.33,49.91,23.48,76.87,7.43,92.17,3.4
maize,181.27,60.94,69.46,20.52,51.48,6.27,87.67,3.57
maize,159.24,57.69,52.38,29.75,62.33,6.39,98.83,3.92
maize,180.88,78.64,64.29,20.89,70.31,5.63,99.81,3.79
maize,190.5,51.21,73.75,24.6,56.53,5.77,117.67,3.28
maize,160.87,74.81,61.79,21.26,58.69,5.98,80.68,3.61
maize,153.05,64.67,55.64,29.76,78.64,7.1,82.08,3.33
maize,156.01,70.24,71.11,28.58,75.35,6.22,104.36,3.45
maize,182.09,50.39,56.37,23.29,70.8,7.03,85.2,3.99
maize,166.78,79.08,67.72,29.87,56.75,6.82,100.48,3.84
maize,185.11,72.73,50.99,24.74,60.01,6.66,114.45,3.91
maize,171.12,52.05,49.31,24.92,59.31,5.86,95.21,3.63
maize,167.84,55.33,77.11,28.68,71.23,5.71,108.79,3.71
maize,146.84,75.76,73.37,25.77,69.39,6.42,96.44,3.31
maize,144.89,67.4,51.71,25.45,54.0,6.88,109.75,3.32
maize,148.73,85.09,61.13,24.67,53.2,6.8,113.4,3.78
maize,144.52,54.5,41.97,22.57,54.07,6.02,89.25,3.68
maize,190.1,78.41,44.5,27.36,58.25,6.78,87.05,3.76
maize,156.75,87.23,40.99,26.97,71.76,7.17,118.72,4.03
maize,189.31,75.85,65.89,21.28,69.51,7.46,115.59,3.41
maize,161.74,83.06,68.06,24.59,51.65,6.35,93.45,4.06
maize,158.7,71.01,42.64,29.73,60.8,6.46,87.76,3.76
maize,182.92,60.73,52.63,21.25,69.67,5.58,99.88,3.99
maize,166.94,68.37,43.08,26.71,74.64,5.99,91.07,3.93
maize,154.59,72.02,47.7,21.02,77.33,7.14,108.0,3.35
maize,166.28,63.7,61.86,20.91,72.7,6.66,79.33,3.63
maize,143.42,73.51,73.61,20.17,51.47,6.65,110.97,3.44
maize,175.78,60.97,41.06,27.35,68.77,6.66,107.08,3.65
maize,161.15,55.04,45.19,26.76,75.76,7.43,101.42,3.41
maize,188.77,73.15,64.73,27.81,71.1,7.17,72.81,3.77
maize,157.17,75.62,52.57,29.58,51.0,6.66,78.33,3.61
maize,154.12,69.77,76.59,22.12,54.33,7.02,95.03,3.91
maize,178.76,59.32,46.27,26.83,67.81,7.01,85.47,3.62
maize,199.05,61.69,51.79,23.55,66.94,6.0,115.76,3.4
maize,146.21,76.26,76.28,21.69,79.05,6.41,117.29,3.69
maize,151.3,62.15,43.72,21.44,53.14,6.35,109.78,3.22
maize,178.61,57.89,43.9,21.67,77.71,7.14,87.7,3.62
maize,180.63,77.31,65.15,22.66,51.17,6.41,114.55,3.58
maize,199.5,56.54,67.67,26.74,79.4,7.47,104.33,3.35
maize,146.42,81.23,76.41,23.83,68.92,6.36,91.89,3.45
maize,196.17,87.63,46.99,28.75,72.12,6.01,73.36,3.22
maize,177.99,78.84,50.29,27.19,50.84,6.25,101.34,3.49
maize,154.1,76.09,56.21,25.96,53.22,5.53,115.48,3.51
maize,199.96,58.46,50.61,26.63,78.96,7.33,95.14,3.69
maize,198.65,88.57,46.55,22.99,53.0,6.04,110.8,3.33
maize,160.53,89.26,65.19,24.16,55.0,7.47,111.04,3.51
maize,143.4,54.82,63.23,29.29,64.9,7.19,92.29,3.78
maize,150.44,64.45,65.49,20.71,60.85,6.57,119.81,3.55
maize,165.92,81.86,63.82,28.87,62.33,6.71,101.5,3.57
maize,145.61,50.67,74.94,22.36,56.35,6.97,86.0,3.33
maize,197.58,84.06,74.55,24.07,72.87,5.79,70.43,3.17
maize,167.32,70.72,40.3,24.23,71.54,6.39,106.61,3.69
maize,175.31,58.43,49.47,26.28,74.9,6.33,82.92,3.93
maize,166.89,69.52,48.17,26.27,60.76,7.49,94.01,3.66
maize,195.01,82.03,58.05,27.19,67.59,6.48,79.62,3.7
maize,194.89,63.42,78.09,25.33,68.95,6.59,76.47,3.6
maize,177.38,67.87,71.12,22.2,54.94,6.31,116.33,4.02
maize,171.04,53.37,79.38,26.66,58.56,6.67,75.47,4.01
maize,178.88,59.82,68.7,27.77,70.2,6.73,114.62,3.5
maize,154.9,89.52,55.58,27.33,70.54,5.92,81.95,3.28
maize,154.06,50.79,75.18,29.66,60.25,6.18,70.35,3.47
maize,148.8,56.39,71.6,26.16,51.35,6.75,85.45,3.31
maize,188.66,66.01,77.89,24.06,73.16,6.47,114.88,3.98
maize,196.19,83.02,71.65,22.01,74.15,7.2,84.46,3.64
maize,148.99,71.5,63.03,26.45,50.51,7.42,72.23,3.39
maize,174.01,87.29,66.64,28.23,50.4,6.58,92.98,3.65
maize,181.07,70.13,70.61,24.85,54.48,6.8,78.62,3.92
maize,149.43,88.49,60.73,20.73,68.8,6.01,110.18,3.94
maize,170.11,68.2,70.14,21.32,66.41,6.59,74.47,3.63
maize,191.37,53.97,43.63,22.63,76.24,5.76,106.0,3.13
maize,161.36,81.56,49.35,26.39,57.07,6.93,113.68,3.48
maize,175.61,55.08,57.1,21.61,71.01,7.02,75.29,3.53
maize,196.17,70.54,78.01,25.36,61.83,7.2,94.65,3.66
maize,190.81,83.28,56.14,23.33,64.76,6.65,81.92,4.0
maize,160.04,54.27,49.55,29.49,59.15,5.84,93.03,3.62
maize,159.39,71.76,62.07,23.57,63.42,7.43,88.87,3.77
maize,167.47,80.38,48.24,27.09,50.63,6.34,108.79,3.51
maize,152.3,79.68,42.09,28.53,55.95,7.25,87.63,3.71
maize,194.35,55.07,47.14,24.93,52.46,5.89,117.19,3.66
maize,195.4,71.79,50.79,27.02,69.77,7.48,83.25,3.65
maize,146.82,50.16,79.98,28.02,73.6,6.52,85.0,3.05
maize,162.56,80.25,61.59,20.77,50.54,5.7,90.52,3.93
maize,188.11,68.65,54.47,21.08,76.28,7.07,78.41,3.8
maize,177.51,87.85,63.19,25.4,51.51,5.63,79.37,3.26
maize,183.4,55.44,73.44,21.55,59.04,6.0,88.62,3.42
maize,164.44,89.46,42.24,21.42,51.58,6.75,72.73,3.73
maize,171.62,72.46,46.83,21.98,59.56,6.69,80.51,3.47
maize,141.32,82.11,71.52,22.97,54.07,5.79,104.87,3.75
maize,196.25,77.68,46.23,22.43,75.27,5.92,73.63,3.57
maize,195.2,76.01,43.62,29.48,57.76,6.17,90.11,3.24
maize,147.4,66.04,54.03,27.73,74.1,5.81,88.33,3.51
maize,187.91,78.29,47.62,23.67,53.17,6.76,76.07,3.77
maize,163.41,73.14,76.45,25.54,55.23,6.26,112.16,3.82
maize,192.01,85.76,76.79,20.95,66.32,6.98,107.85,3.67
maize,187.85,78.8,43.45,24.64,55.22,6.17,70.9,3.36
maize,177.17,76.54,73.45,22.15,53.61,7.2,77.83,3.82
maize,170.05,89.26,43.9,23.03,69.15,6.2,116.42,3.21
maize,175.45,76.11,50.23,23.65,75.31,5.89,111.34,3.87
maize,182.82,58.3,62.75,28.68,62.96,7.43,92.61,3.51
maize,197.1,62.79,74.72,28.81,60.51,5.67,106.23,3.39
maize,166.56,69.41,71.12,23.82,63.29,6.25,88.37,3.85
maize,161.71,70.97,66.83,22.69,58.33,7.37,106.18,3.97
maize,141.76,74.72,60.38,25.46,60.78,5.66,79.67,4.11
maize,168.0,52.11,41.5,27.17,66.14,6.52,82.16,3.95
maize,151.4,68.43,51.45,22.47,69.36,6.8,111.23,3.74
maize,156.42,89.2,63.85,27.1,50.22,6.54,71.88,3.68
maize,198.11,71.62,58.33,29.45,70.21,5.63,93.29,3.44
maize,167.33,73.29,54.27,21.64,65.11,7.16,103.2,3.83
maize,194.73,58.37,41.58,27.41,74.83,7.44,114.49,3.66
maize,141.67,59.87,58.38,26.29,66.72,6.99,83.99,3.5
maize,164.82,80.01,67.74,29.91,58.34,6.5,86.48,3.5
maize,181.05,85.3,48.14,28.73,51.79,7.28,86.45,3.58
maize,196.44,51.91,54.09,28.57,61.88,5.9,91.24,3.36
maize,185.72,70.2,79.53,24.65,51.75,6.02,91.8,3.52
maize,186.01,60.73,63.63,27.21,78.24,7.26,95.76,3.81
maize,173.16,54.59,45.05,25.3,58.07,5.54,106.14,3.18
maize,172.35,88.75,59.37,20.64,66.55,7.18,119.84,3.5
maize,194.4,57.65,64.62,24.06,51.23,6.19,83.26,3.58
maize,156.08,82.46,42.21,25.38,52.12,7.37,108.32,3.57
maize,178.85,88.76,68.56,29.25,65.51,5.73,96.41,3.36
maize,168.95,74.9,40.4,21.95,64.74,7.4,89.18,3.73
maize,176.23,61.96,56.43,22.18,78.98,5.76,88.59,3.52
maize,186.83,58.05,43.2,24.74,50.3,5.67,110.38,3.7
maize,191.27,77.33,42.09,27.83,75.37,7.1,95.42,3.36
maize,183.63,89.23,46.23,22.26,56.35,7.09,79.35,3.23
maize,141.49,83.41,54.61,28.42,66.64,7.3,116.31,3.19
maize,155.02,76.77,75.53,24.6,68.21,5.88,110.25,4.0
maize,169.69,53.44,62.37,25.03,54.33,6.38,86.71,3.61
maize,140.51,80.44,68.52,23.66,51.59,7.01,117.76,3.15
maize,151.03,73.08,46.19,23.56,70.91,6.62,89.32,3.46
maize,140.35,53.14,75.25,20.78,71.2,7.34,83.53,3.18
maize,192.9,87.68,69.58,20.87,70.07,6.32,93.54,3.28
maize,187.43,68.16,52.07,23.84,75.63,7.0,83.62,3.31
maize,195.25,73.26,61.34,25.96,60.98,7.11,96.16,3.57
maize,172.21,87.46,52.33,28.7,72.92,6.0,71.82,3.5
maize,151.98,64.85,60.07,27.25,53.4,6.31,94.25,3.94
maize,150.3,82.31,67.72,25.56,70.99,6.32,76.92,3.91
maize,178.36,63.52,76.27,25.87,52.56,6.4,107.82,3.79
maize,193.68,60.71,56.42,28.99,76.89,6.87,112.95,3.27
maize,159.24,57.13,49.57,24.18,57.54,6.14,76.75,3.4
maize,166.51,63.87,69.86,28.94,72.7,6.16,107.22,3.58
maize,160.74,82.31,49.85,20.63,53.95,7.22,101.69,3.56
maize,171.65,76.22,49.33,28.64,59.28,6.89,70.81,3.76
maize,172.61,52.91,71.61,22.18,70.31,7.11,98.09,3.82
maize,161.33,82.35,51.79,25.71,72.36,6.26,85.14,3.78
maize,195.8,71.8,66.46,29.03,52.96,5.96,105.45,3.67
maize,164.91,53.57,57.51,22.31,58.74,7.04,73.78,3.76
maize,175.76,53.59,53.49,20.9,78.85,7.11,92.98,3.52
maize,160.68,56.44,62.53,29.44,50.11,5.98,116.92,3.35
maize,174.21,84.47,59.08,29.95,70.38,5.65,119.64,3.8
maize,173.47,62.17,43.46,20.01,63.49,7.17,98.62,3.84
maize,156.83,56.39,46.56,22.85,73.79,7.31,118.75,3.49
maize,159.7,54.51,74.8,26.36,54.94,6.36,84.36,3.76
maize,199.36,52.19,54.2,24.82,65.09,6.13,106.46,3.97
maize,188.31,84.02,62.02,28.26,59.11,6.3,85.85,3.73
maize,197.7,62.51,43.92,25.27,51.71,5.72,80.97,3.61
maize,187.98,79.58,57.05,23.34,59.49,7.05,72.6,3.24
maize,168.63,55.24,49.42,29.33,75.79,6.92,94.11,3.85
maize,197.95,58.61,72.44,21.97,56.41,6.85,90.25,3.68
maize,170.69,86.74,76.16,21.57,61.0,6.74,77.97,3.81
maize,150.02,54.85,43.42,29.09,55.81,6.33,92.44,3.54
maize,153.61,87.26,76.34,27.81,50.58,6.15,101.4,3.44
maize,178.03,52.88,76.36,29.58,52.33,6.56,85.17,3.45
maize,174.68,88.32,60.12,20.83,68.6,6.18,112.8,3.78
maize,151.47,80.75,50.62,27.67,56.18,6.14,93.27,4.02
maize,152.41,64.33,45.98,25.1,63.82,7.3,116.5,3.47
maize,193.77,82.27,40.15,23.2,62.65,5.96,79.98,3.32
maize,155.75,52.09,49.24,28.02,75.54,6.47,90.8,3.74
maize,152.92,61.67,46.91,23.79,77.33,6.73,90.6,4.09
maize,152.62,72.64,64.62,20.4,62.09,6.8,104.9,3.74
maize,145.61,67.08,45.15,29.48,64.26,6.13,108.32,3.58
maize,188.72,84.69,66.92,20.47,66.99,7.03,76.83,3.35
maize,141.21,80.11,58.95,24.47,50.21,7.14,87.99,3.49
maize,182.16,88.24,61.25,24.0,78.61,6.78,84.91,3.33
maize,161.73,76.42,58.83,21.99,68.05,5.62,90.67,3.7
maize,184.92,83.12,70.85,20.39,55.82,6.57,116.74,3.69
maize,158.19,67.18,58.83,21.57,50.93,7.39,82.04,3.4
maize,195.71,73.19,66.68,29.12,60.37,6.74,71.94,3.38
maize,186.01,64.03,55.07,25.34,50.01,5.98,80.41,3.59
maize,156.78,57.66,60.17,28.66,57.24,5.66,87.82,3.88
maize,189.01,88.38,71.71,26.04,64.8,5.58,119.22,3.6
maize,180.0,61.37,63.43,25.87,63.37,7.17,83.25,3.78
maize,179.82,81.36,55.79,26.46,54.52,7.37,89.15,3.93
maize,152.31,69.48,75.13,25.27,77.9,6.47,94.52,3.46
maize,154.82,85.98,76.43,29.43,65.61,6.85,108.93,3.26
maize,142.06,69.9,46.19,21.83,60.95,6.36,101.16,3.36
maize,150.96,72.96,65.5,25.57,72.15,6.17,108.26,3.51
maize,178.89,50.73,66.16,26.19,59.3,5.67,74.55,4.08
maize,147.63,64.27,63.7,28.36,51.31,5.97,114.49,3.33
maize,197.54,74.54,50.47,20.67,50.85,5.99,114.07,3.36
maize,195.1,66.32,47.65,25.17,77.24,7.11,73.29,3.81
maize,194.45,54.9,61.36,28.79,62.3,6.46,73.52,3.26
maize,196.71,61.31,58.43,26.71,54.87,6.47,106.93,3.78
maize,180.14,55.05,77.83,21.33,73.24,6.03,116.68,3.53
maize,153.14,67.72,64.71,27.7,53.12,7.42,114.51,3.59
maize,171.1,68.47,52.58,25.81,71.9,6.32,101.46,4.1
maize,143.12,84.39,58.33,22.62,57.25,6.47,114.34,3.6
maize,145.81,69.04,79.67,27.7,56.32,6.5,81.68,3.33
maize,186.27,59.12,76.89,25.93,61.4,6.5,100.25,3.67
maize,170.3,57.06,72.51,25.42,53.93,7.03,116.62,4.08
maize,148.13,70.74,44.5,29.34,55.51,6.01,90.33,3.37
maize,167.38,56.83,50.69,25.09,54.42,6.72,98.29,3.96
maize,194.74,87.84,49.79,21.32,59.07,7.29,118.6,3.55
maize,196.85,66.93,40.37,24.42,51.38,6.59,86.93,3.41
maize,192.13,76.48,57.36,28.19,77.17,5.74,96.6,3.46
maize,180.11,84.51,46.52,28.12,75.6,7.33,83.26,3.91
maize,173.14,52.02,41.76,27.2,63.33,6.01,79.52,3.61
maize,188.35,53.17,47.66,23.86,64.55,6.21,86.04,3.81
maize,141.41,67.21,75.0,23.01,52.84,7.02,100.3,3.47
maize,148.43,74.9,48.31,25.04,66.35,6.07,117.42,3.81
maize,144.68,54.25,59.71,21.61,79.35,5.82,94.37,3.35
maize,147.74,67.21,50.99,28.88,51.22,7.33,111.65,3.38
maize,141.87,88.67,61.06,23.03,60.88,5.63,119.47,3.25
maize,166.56,87.96,49.84,25.32,64.47,6.91,73.4,3.46
maize,184.29,57.57,62.94,22.15,75.85,7.38,95.92,3.64
maize,142.99,60.74,66.17,25.34,78.32,6.29,104.69,3.66
maize,156.07,68.2,58.83,27.07,78.22,6.16,72.11,3.59
maize,150.11,80.42,79.4,29.46,55.91,7.25,105.22,3.28
maize,190.98,69.21,54.93,24.93,67.37,5.88,115.05,4.01
maize,145.97,74.17,44.84,20.79,65.82,6.31,99.44,3.16
maize,150.49,89.48,62.45,26.87,59.76,5.69,118.79,3.3
maize,178.99,50.99,72.41,25.37,58.35,5.62,78.12,3.69
maize,154.99,52.62,67.62,25.72,62.14,6.23,80.84,3.82
maize,150.54,73.88,56.97,24.47,57.62,7.15,94.26,3.79
maize,150.91,53.44,68.56,21.96,70.7,6.28,90.79,3.73
maize,146.04,62.39,66.55,26.66,58.59,6.42,79.67,3.55
maize,193.8,58.43,49.1,22.8,53.82,6.78,73.76,3.23
maize,160.38,78.32,62.3,22.56,69.52,5.73,96.82,3.66
maize,176.24,84.85,79.96,26.08,62.14,5.95,82.85,3.54
maize,194.83,64.73,54.94,23.84,75.1,6.8,100.71,3.41
maize,142.3,84.83,60.51,23.98,64.92,6.83,70.64,3.74
maize,160.58,55.53,57.58,24.96,62.11,6.86,91.04,3.85
maize,188.45,54.37,55.89,23.37,67.08,7.22,73.92,3.18
maize,152.77,76.75,61.72,28.33,53.75,5.76,97.84,3.9
maize,159.62,74.27,77.22,28.37,79.86,5.55,75.64,3.58
maize,157.11,59.57,71.48,20.56,61.08,6.51,98.02,3.99
maize,176.76,73.42,61.9,26.4,57.78,5.67,75.96,3.61
maize,190.43,78.05,71.56,23.51,62.14,6.29,79.59,3.47
maize,199.35,56.67,41.87,27.8,57.58,7.16,105.2,3.68
maize,179.72,68.59,65.22,24.5,55.66,6.52,96.43,3.98
maize,179.83,54.54,68.82,25.0,76.82,7.34,72.76,3.78
maize,162.03,71.69,45.92,27.46,50.25,5.84,99.04,3.72
maize,182.33,76.87,55.77,20.01,53.6,6.57,103.76,3.49
maize,171.31,52.97,47.68,28.4,71.75,7.29,75.88,4.16
maize,140.71,89.9,51.24,26.68,55.3,6.66,115.2,3.49
maize,151.27,74.99,53.46,22.11,59.4,5.86,115.1,3.41
maize,166.9,62.82,69.78,29.71,63.14,7.22,98.29,3.36
maize,170.81,76.02,75.59,24.4,77.04,7.0,94.43,3.79
maize,199.02,76.69,41.75,23.27,68.7,5.61,71.19,3.34
maize,166.3,60.51,46.59,26.89,65.44,5.9,85.98,3.75
maize,148.85,52.93,72.49,27.52,72.6,6.93,103.47,3.37
maize,142.3,74.86,71.12,25.0,60.73,6.05,102.14,3.74
maize,160.54,80.79,62.45,28.83,65.83,6.54,98.89,3.86
maize,144.41,52.14,77.5,25.3,68.45,6.46,74.68,3.63
maize,158.7,62.25,73.51,20.72,76.43,6.01,99.65,3.76
maize,164.87,77.58,53.76,22.77,79.9,7.0,102.24,3.58
maize,141.86,72.17,70.48,25.37,75.22,5.57,88.34,3.56
maize,144.34,88.17,48.93,29.22,62.78,7.47,97.7,3.71
maize,184.89,86.12,45.59,20.96,62.74,7.37,97.12,3.7
maize,140.05,82.41,43.5,26.34,77.44,5.92,103.26,3.26
maize,149.84,79.44,52.05,24.63,67.98,5.84,107.08,3.67
maize,149.5,77.52,45.13,24.25,57.42,7.0,83.1,3.98
maize,151.79,74.55,43.51,23.92,71.4,6.82,101.24,3.54
maize,146.18,78.76,60.16,27.09,57.47,6.15,86.71,3.43
maize,188.2,85.89,60.73,24.56,50.92,7.26,70.65,3.75
maize,160.52,86.97,40.98,25.81,66.47,5.94,91.44,3.71
maize,140.04,87.47,46.58,22.34,57.9,5.58,76.15,3.92
maize,146.92,54.28,68.78,28.55,57.71,5.54,81.15,3.28
maize,165.89,59.2,60.64,22.53,78.22,7.31,98.34,3.81
maize,164.71,79.1,58.07,28.57,78.32,6.17,98.03,3.54
maize,164.81,58.25,75.06,21.58,63.67,6.71,104.59,3.72
maize,174.1,67.58,42.69,24.65,74.62,6.73,111.61,3.81
maize,140.82,62.13,67.92,27.9,58.87,6.49,91.06,3.61
maize,148.18,57.87,42.21,21.98,50.28,6.75,85.82,3.81
maize,160.75,64.31,40.34,28.39,50.96,7.38,114.6,3.73
maize,179.23,65.48,65.89,20.45,51.62,6.41,97.48,4.13
maize,189.36,58.4,55.76,23.17,62.0,5.8,95.18,4.02
maize,169.44,83.95,68.24,24.9,57.73,7.27,98.85,3.61
maize,188.19,51.77,79.68,21.3,73.88,6.29,94.61,3.67
maize,172.25,51.97,40.09,22.45,70.42,5.74,75.69,3.35
maize,182.72,57.14,43.18,29.4,57.82,7.21,113.17,3.88
maize,189.31,80.77,63.87,23.37,57.88,5.74,95.49,3.75
maize,168.52,64.54,65.64,29.01,54.92,6.26,77.04,3.77
maize,195.91,61.15,78.01,20.63,68.09,5.61,114.69,3.36
maize,189.89,56.01,41.54,28.79,59.45,5.76,93.42,3.68
maize,156.49,51.31,56.81,28.95,79.48,6.77,78.08,3.99
maize,149.22,86.87,70.3,27.32,71.28,5.9,80.55,3.78
maize,166.32,81.28,71.36,24.53,73.77,7.18,102.74,3.56
maize,158.89,54.67,50.93,22.1,63.66,7.32,75.22,3.73
maize,145.75,86.9,62.74,23.64,72.7,6.01,104.68,3.19
maize,166.89,75.47,48.85,26.77,73.17,6.45,100.89,3.56
maize,169.87,83.67,72.05,24.11,56.9,6.31,111.31,3.64
maize,188.37,64.14,65.69,22.46,53.28,7.09,74.95,3.32
maize,160.79,88.92,79.19,22.68,51.23,6.91,92.55,3.28
maize,141.87,84.81,45.55,21.27,55.27,7.42,104.66,3.62
maize,160.18,59.38,59.23,25.52,68.95,6.01,117.43,3.52
maize,140.89,69.25,53.33,24.49,67.12,6.37,90.74,4.04
maize,190.0,60.0,64.38,25.85,61.09,6.47,85.69,3.27
maize,146.33,77.32,66.43,29.51,71.89,5.6,114.21,3.91
maize,175.15,89.04,61.29,29.05,52.49,5.88,92.04,3.55
cotton,179.06,51.67,41.42,32.22,58.13,6.08,84.74,1.75
cotton,139.97,49.16,69.21,30.29,52.25,6.19,96.56,1.75
cotton,142.39,48.7,58.87,22.65,59.65,6.2,60.01,1.65
cotton,169.39,47.01,63.35,29.52,69.13,6.32,94.07,1.66
cotton,177.11,56.17,48.64,22.68,61.11,6.7,78.7,1.96
cotton,124.3,67.63,49.63,24.53,56.03,6.95,65.16,1.88
cotton,114.5,61.36,51.55,26.63,63.5,7.15,66.33,1.7
cotton,130.1,50.9,41.57,30.6,53.09,6.07,100.8,1.96
cotton,123.88,59.14,48.64,24.3,61.92,5.86,64.74,1.69
cotton,105.52,69.87,48.66,23.09,47.23,7.11,86.01,1.66
cotton,131.6,50.05,46.22,26.29,49.5,6.75,74.48,1.9
cotton,115.3,52.22,68.11,26.28,59.92,6.16,66.35,1.69
cotton,112.61,45.22,62.82,21.22,56.73,6.33,85.33,1.82
cotton,123.61,62.0,66.14,23.7,42.93,7.06,77.49,1.74
cotton,110.06,57.68,55.75,23.84,53.56,6.92,89.52,1.72
cotton,156.22,63.78,58.87,23.14,61.31,6.75,61.22,1.8
cotton,153.55,46.48,57.73,33.78,63.93,7.09,108.93,1.67
cotton,133.03,65.8,47.55,34.73,58.41,6.91,64.28,1.71
cotton,101.76,64.51,40.42,30.2,50.95,6.66,94.8,1.75
cotton,105.57,57.67,55.62,31.39,55.29,6.39,79.9,1.63
cotton,178.08,66.21,49.88,29.23,65.42,6.42,60.9,1.66
cotton,177.56,60.8,42.13,23.65,63.14,6.98,90.88,1.78
cotton,166.28,63.65,47.77,30.92,46.45,5.86,70.06,1.68
cotton,133.48,55.26,54.3,24.79,40.88,6.65,79.79,1.76
cotton,159.74,65.73,54.85,22.83,60.89,6.09,82.06,1.64
cotton,110.08,67.09,65.93,27.5,62.33,6.67,100.15,1.77
cotton,137.0,68.23,54.59,27.48,63.55,6.95,87.72,1.8
cotton,177.45,62.59,64.33,21.46,54.04,6.71,101.5,1.51
cotton,143.87,45.92,49.52,24.95,55.93,5.87,67.93,1.99
cotton,118.67,53.6,55.51,31.69,53.42,6.91,90.92,1.67
cotton,134.96,51.91,62.31,29.13,51.64,6.04,71.34,2.02
cotton,141.19,45.12,59.89,32.94,47.74,6.49,108.78,1.86
cotton,107.22,58.18,42.69,34.43,61.47,6.9,95.21,1.69
cotton,168.67,68.71,54.97,34.04,57.5,6.55,82.72,1.75
cotton,119.32,55.29,51.4,27.28,69.42,6.29,82.61,1.8
cotton,162.03,57.12,62.82,23.1,57.15,6.16,71.4,1.63
cotton,124.74,43.51,69.58,25.32,43.91,6.08,89.39,1.64
cotton,176.92,47.4,53.5,21.31,59.22,6.38,73.5,1.66
cotton,133.3,45.39,60.67,28.91,65.76,5.96,99.28,1.93
cotton,155.59,53.25,68.35,22.98,59.29,6.33,107.84,1.72
cotton,172.12,48.11,64.11,34.94,47.58,6.41,86.01,1.65
cotton,117.61,48.46,53.31,23.4,66.2,6.79,64.26,1.85
cotton,176.5,40.09,47.44,33.99,67.96,6.81,98.29,1.49
cotton,118.53,45.44,64.31,22.89,54.06,7.11,69.29,2.0
cotton,144.45,45.1,49.48,26.94,49.28,6.19,108.61,1.7
cotton,100.03,57.89,67.48,25.03,45.57,6.71,95.63,1.79
cotton,120.18,68.68,67.7,27.4,65.39,6.43,81.22,1.7
cotton,142.99,40.68,53.32,31.94,60.4,6.69,105.48,1.67
cotton,162.99,56.24,49.72,22.91,66.63,6.46,103.91,1.86
cotton,164.34,59.77,51.94,28.19,64.09,6.32,79.41,1.78
cotton,107.28,59.45,52.4,26.68,60.39,5.89,89.69,1.99
cotton,113.64,66.92,59.68,33.35,54.56,6.56,105.95,1.86
cotton,121.95,51.8,51.63,25.02,48.06,7.01,63.49,1.9
cotton,127.56,41.85,48.1,31.76,66.55,6.11,83.18,1.86
cotton,161.02,55.39,60.12,32.86,40.29,6.36,105.36,1.89
cotton,142.37,50.43,55.62,30.18,52.55,6.8,103.06,1.77
cotton,132.64,60.62,47.5,29.96,66.32,6.39,105.55,1.94
cotton,118.64,68.51,68.75,22.37,40.45,6.03,109.8,1.52
cotton,167.87,40.61,58.13,24.88,65.87,6.2,94.34,1.86
cotton,102.78,52.28,48.68,32.33,64.01,6.44,90.33,1.87
cotton,134.0,48.26,47.95,28.51,53.47,6.42,64.56,2.06
cotton,115.76,52.38,46.83,29.17,51.14,6.43,86.86,1.79
cotton,170.43,53.01,52.36,21.5,54.94,6.58,87.94,1.87
cotton,120.18,64.32,68.42,22.9,54.93,6.1,63.0,1.62
cotton,156.79,56.01,44.32,21.13,64.24,6.05,90.31,1.83
cotton,125.25,42.61,46.69,23.63,52.84,6.72,73.19,1.59
cotton,148.46,68.89,57.68,27.6,57.2,7.1,101.42,1.75
cotton,121.01,55.13,62.32,28.05,42.03,6.81,100.3,1.84
cotton,134.13,66.67,65.36,28.36,60.75,7.04,84.79,1.77
cotton,117.61,51.66,65.97,31.14,52.11,6.1,77.8,1.69
cotton,159.47,47.56,53.63,26.4,69.46,6.35,64.0,1.75
cotton,147.95,52.56,52.96,21.76,55.5,6.51,67.48,1.84
cotton,108.08,58.29,45.89,24.52,45.21,7.14,102.73,1.59
cotton,116.79,54.76,40.59,30.4,55.69,7.06,68.22,1.99
cotton,110.17,51.96,45.1,24.57,47.9,6.58,80.57,1.94
cotton,177.9,46.92,63.19,25.75,44.29,7.0,75.44,1.79
cotton,137.74,54.87,61.97,22.23,60.05,7.05,62.89,1.81
cotton,134.98,52.11,44.11,28.09,43.8,6.47,98.18,1.86
cotton,179.36,60.6,65.24,26.81,63.04,5.86,66.15,1.59
cotton,167.66,50.39,59.64,30.93,57.59,6.3,88.85,1.73
cotton,179.42,43.82,42.17,33.3,49.06,6.71,76.45,1.59
cotton,127.44,52.32,61.61,28.16,68.31,5.86,85.15,1.9
cotton,103.93,57.2,65.61,24.39,66.29,5.83,96.62,1.81
cotton,135.12,41.35,67.6,27.58,40.87,6.77,84.09,1.65
cotton,105.16,57.23,58.66,28.08,64.51,7.01,90.78,1.57
cotton,133.44,56.97,59.47,25.9,67.51,5.99,93.58,1.67
cotton,109.0,42.85,49.99,26.23,46.43,6.62,82.15,1.54
cotton,164.83,60.69,61.75,30.77,49.33,5.94,73.62,1.98
cotton,139.51,40.29,44.2,25.51,57.36,5.91,107.17,1.71
cotton,162.44,62.66,58.2,29.77,59.14,6.68,87.69,1.97
cotton,162.16,66.17,46.47,22.17,54.49,6.52,101.46,1.83
cotton,142.17,41.15,58.46,32.59,44.73,6.63,89.68,1.76
cotton,178.4,51.81,46.82,23.4,60.03,6.65,92.18,1.58
cotton,131.14,49.4,53.87,26.46,65.91,7.1,75.17,1.91
cotton,174.46,47.37,57.31,24.84,64.72,5.81,88.24,1.76
cotton,151.59,65.54,58.28,32.94,47.94,6.53,82.53,1.64
cotton,152.92,57.76,62.09,29.0,42.0,5.96,89.82,1.82
cotton,134.37,56.63,49.86,31.09,59.31,6.27,97.74,1.95
cotton,144.27,40.34,60.9,26.26,68.28,6.95,89.38,1.7
cotton,127.23,54.3,48.88,28.21,44.96,7.17,65.4,1.99
cotton,142.03,61.75,53.08,29.82,50.22,6.22,88.91,1.96
cotton,122.93,51.01,42.52,21.73,47.6,5.9,65.19,1.96
cotton,152.72,48.18,66.15,27.79,49.17,6.52,79.1,1.79
cotton,179.76,52.77,50.45,30.94,50.92,6.97,82.71,1.88
cotton,167.69,62.07,46.35,23.03,49.49,7.17,72.84,1.67
cotton,131.78,57.14,68.59,28.23,64.57,6.57,62.04,1.77
cotton,176.05,65.77,46.85,24.08,46.04,7.09,102.63,1.88
cotton,140.35,53.93,47.6,28.07,40.91,5.98,104.33,1.95
cotton,141.37,51.1,62.22,31.98,62.9,6.81,70.23,1.89
cotton,126.46,62.65,49.88,22.94,51.97,7.17,71.29,1.89
cotton,105.68,54.64,61.06,28.19,66.16,6.2,64.31,2.05
cotton,146.11,63.76,49.73,31.03,44.06,6.21,67.24,2.0
cotton,157.39,68.3,55.83,28.56,53.83,6.26,83.78,1.82
cotton,175.02,65.86,66.67,27.55,59.72,7.05,79.65,1.85
cotton,148.09,61.29,68.52,24.42,62.38,6.53,73.43,1.9
cotton,152.88,49.69,54.44,29.64,52.15,6.08,108.08,1.83
cotton,132.88,50.65,52.21,26.73,56.33,6.56,84.86,1.79
cotton,113.53,43.78,67.98,29.47,59.78,6.36,105.45,1.79
cotton,129.48,68.8,64.61,32.96,45.17,6.18,74.28,1.77
cotton,102.55,42.28,48.22,23.8,46.96,6.92,88.16,1.54
cotton,132.63,43.42,60.28,30.83,61.63,6.82,60.0,2.05
cotton,172.32,40.47,68.02,32.34,65.12,5.93,96.94,1.91
cotton,145.64,68.37,53.29,29.39,54.29,7.11,63.8,1.93
cotton,163.35,57.49,67.27,34.19,41.93,6.36,61.17,1.65
cotton,172.86,65.4,43.82,22.3,57.68,6.54,73.32,1.87
cotton,132.21,66.71,51.52,31.32,54.28,5.97,106.4,1.8
cotton,129.37,40.57,43.02,27.95,60.7,6.27,94.77,1.85
cotton,139.4,67.45,54.68,27.3,45.98,6.23,62.12,1.9
cotton,124.33,63.12,49.82,24.39,45.07,6.88,66.49,1.85
cotton,154.99,59.0,64.32,21.63,48.89,6.19,67.3,1.72
cotton,141.75,59.91,51.43,31.07,50.08,6.21,87.06,1.73
cotton,133.44,68.29,61.65,22.23,65.39,6.83,90.55,2.0
cotton,117.72,55.36,56.47,28.54,56.95,7.13,105.11,1.91
cotton,175.47,42.95,47.95,27.93,65.4,6.51,97.4,1.63
cotton,158.54,44.94,50.54,24.71,50.5,6.79,78.39,1.89
cotton,164.4,51.1,59.46,31.16,46.29,7.04,90.81,1.73
cotton,175.38,62.65,46.24,25.73,64.29,6.77,98.29,1.75
cotton,130.92,46.34,58.98,34.66,49.32,6.45,93.7,1.81
cotton,160.94,41.75,69.95,31.53,65.92,6.71,102.81,1.64
cotton,170.11,46.05,42.35,32.03,65.06,6.03,102.72,1.75
cotton,166.42,52.58,45.82,24.99,55.15,6.54,100.28,1.9
cotton,162.46,45.75,41.5,33.23,42.27,6.15,94.77,1.72
cotton,123.84,40.36,49.02,29.09,51.28,6.55,103.83,1.9
cotton,136.97,56.47,68.47,34.98,47.06,6.82,78.9,1.62
cotton,136.85,54.65,40.68,30.62,48.82,6.58,75.05,1.74
cotton,118.58,56.04,45.96,28.12,44.72,6.74,97.7,1.67
cotton,105.67,57.95,47.93,28.39,55.52,7.09,87.45,1.85
cotton,175.93,63.32,48.56,32.82,52.97,6.96,101.14,1.67
cotton,123.25,48.92,48.89,31.16,46.89,5.8,95.76,1.71
cotton,119.0,51.4,54.28,21.62,69.12,6.8,76.16,1.79
cotton,150.1,44.39,45.67,33.03,47.69,6.33,103.56,1.81
cotton,154.7,40.59,62.07,27.82,64.4,7.14,106.29,1.86
cotton,128.81,53.95,60.7,33.38,46.21,7.09,100.76,2.05
cotton,122.39,43.18,43.37,25.08,58.43,6.93,104.96,1.87
cotton,114.91,42.99,50.9,28.02,41.3,6.29,68.96,1.8
cotton,139.63,52.83,68.68,24.01,55.5,6.83,87.84,1.98
cotton,137.09,42.66,58.27,25.03,44.81,6.56,86.62,1.7
cotton,149.9,45.67,54.08,31.08,55.88,6.35,76.12,1.94
cotton,153.74,42.24,53.82,33.47,42.83,7.18,107.45,1.66
cotton,129.05,65.34,52.55,27.17,59.03,6.88,61.69,1.8
cotton,127.68,50.44,54.07,25.68,43.22,6.0,61.67,1.89
cotton,109.25,68.39,62.0,29.92,59.36,6.96,65.35,1.67
cotton,146.95,64.98,42.17,30.67,56.02,6.33,77.01,1.86
cotton,139.69,64.74,52.06,22.43,41.85,5.87,79.01,1.84
cotton,159.43,41.53,46.63,24.84,56.43,6.0,66.7,1.92
cotton,114.45,52.2,50.67,32.07,55.31,5.98,96.95,1.74
cotton,130.04,54.93,50.29,24.39,51.96,5.83,98.62,1.85
cotton,152.3,63.22,64.41,27.91,46.16,6.83,94.99,1.8
cotton,108.35,69.48,65.81,30.63,68.16,6.81,69.52,1.73
cotton,131.17,62.25,51.59,25.62,57.86,7.02,62.38,1.8
cotton,155.63,43.17,59.94,25.01,45.97,7.11,60.93,1.7
cotton,138.69,55.03,49.65,22.85,51.29,6.74,99.12,2.0
cotton,116.05,48.62,44.86,24.49,46.75,6.53,88.13,1.96
cotton,151.33,64.52,56.81,24.57,47.88,5.85,75.27,2.0
cotton,117.54,61.19,63.48,27.37,60.94,6.34,68.0,1.75
cotton,175.84,42.06,55.22,25.6,55.25,5.83,75.65,1.87
cotton,136.05,48.57,48.94,26.36,65.07,7.15,81.93,1.91
cotton,134.15,56.56,46.93,31.41,55.96,6.93,99.04,1.78
cotton,164.0,50.38,45.18,21.04,53.53,6.29,87.75,1.63
cotton,120.62,46.79,54.42,27.98,46.45,6.18,68.49,1.88
cotton,136.99,61.42,62.08,22.94,68.99,6.95,70.22,1.71
cotton,111.07,62.44,54.09,31.96,62.39,6.65,94.32,1.56
cotton,151.03,40.28,40.99,32.93,60.52,6.17,94.4,1.85
cotton,102.88,67.98,50.36,22.49,54.76,6.88,71.08,1.65
cotton,179.33,45.92,57.27,33.95,44.41,7.16,107.37,1.9
cotton,150.72,62.83,69.58,23.53,62.98,6.27,68.78,1.72
cotton,137.19,56.13,69.85,26.59,58.46,6.31,79.64,2.04
cotton,143.39,63.05,42.68,23.96,55.06,5.83,72.64,1.78
cotton,121.16,55.42,57.19,33.96,59.36,6.38,106.52,1.99
cotton,110.47,60.27,56.8,32.06,62.16,6.68,109.32,1.75
cotton,166.26,47.56,63.32,34.4,60.9,6.63,83.02,1.77
cotton,150.91,62.54,60.36,23.78,54.82,6.91,83.79,1.96
cotton,152.9,52.28,66.86,23.28,69.87,5.97,60.75,1.98
cotton,158.38,64.33,65.77,34.88,48.82,6.79,65.77,1.74
cotton,129.41,57.73,55.11,30.04,69.19,5.88,88.7,2.0
cotton,106.28,56.82,49.96,23.17,65.47,6.53,106.66,1.96
cotton,100.4,52.83,45.92,33.75,45.24,6.2,85.84,1.74
cotton,147.93,42.67,41.75,26.21,61.62,6.58,81.14,1.92
cotton,174.89,41.65,60.2,33.48,64.12,6.06,74.8,1.77
cotton,164.95,61.57,61.89,22.4,61.53,6.75,101.55,1.7
cotton,129.84,44.46,56.75,33.84,51.74,6.98,60.01,1.65
cotton,126.25,67.25,42.91,29.49,53.54,7.11,66.13,1.64
cotton,134.71,48.33,66.1,29.47,58.42,6.54,64.59,1.75
cotton,166.82,66.8,64.7,22.44,46.82,5.8,75.18,1.55
cotton,154.17,66.24,62.48,34.14,41.62,5.82,93.07,1.74
cotton,126.47,48.09,55.34,27.16,55.37,6.74,79.36,1.87
cotton,127.96,62.25,62.7,30.34,47.02,6.62,88.53,1.89
cotton,139.34,56.96,61.47,22.53,62.49,5.99,63.33,2.03
cotton,104.83,53.3,45.59,27.79,64.91,7.13,91.71,1.73
cotton,124.96,67.29,66.11,28.82,49.74,6.21,61.67,1.94
cotton,126.01,54.13,64.56,22.74,65.73,7.06,107.34,1.75
cotton,129.89,49.99,45.28,29.5,54.3,7.01,61.61,1.96
cotton,160.76,66.58,61.87,33.99,49.98,6.5,60.7,1.63
cotton,108.06,47.81,45.31,21.4,67.28,5.81,96.8,1.63
cotton,171.42,59.62,60.17,21.07,69.55,7.03,104.76,1.81
cotton,171.49,48.75,56.88,22.4,67.66,6.0,71.24,1.86
cotton,149.55,46.96,40.03,31.6,69.56,6.93,83.01,1.87
cotton,141.99,54.31,53.43,31.85,55.8,6.24,72.91,1.74
cotton,118.4,44.44,59.61,30.54,62.56,6.51,104.7,2.01
cotton,150.85,49.11,69.49,24.84,46.08,6.42,62.84,1.97
cotton,144.56,59.67,54.91,21.45,58.37,6.8,80.84,2.08
cotton,117.7,44.84,51.16,32.86,64.84,6.34,89.46,1.85
cotton,113.45,69.16,58.53,34.74,50.13,6.78,71.13,1.65
cotton,125.57,45.03,47.89,21.5,61.13,6.49,64.71,1.75
cotton,149.01,42.83,62.63,21.29,47.48,7.05,95.93,1.62
cotton,139.44,65.4,58.02,30.55,69.81,6.13,91.2,1.84
cotton,101.16,43.58,59.47,28.94,56.6,5.84,83.47,1.89
cotton,149.99,63.39,63.52,28.27,65.74,6.35,104.43,1.69
cotton,104.25,63.87,52.51,24.21,46.95,7.06,101.7,1.81
cotton,137.95,51.75,67.46,22.76,52.55,6.28,84.91,1.78
cotton,111.19,55.39,47.27,23.58,41.95,6.87,81.37,1.91
cotton,154.35,54.12,51.64,26.26,59.2,6.49,102.46,2.06
cotton,110.9,58.91,49.04,21.26,66.66,6.12,106.46,1.78
cotton,116.12,47.03,55.64,23.41,49.16,6.25,67.98,1.74
cotton,113.38,40.85,58.88,34.66,49.94,5.97,88.52,1.92
cotton,149.8,49.45,56.26,22.28,60.37,6.82,108.25,1.71
cotton,143.65,61.2,63.71,23.71,47.85,6.52,76.53,1.94
cotton,163.97,57.42,63.19,25.66,64.94,6.18,87.3,1.7
cotton,125.45,48.0,69.01,23.24,63.62,7.18,61.0,1.87
cotton,103.24,52.09,68.06,21.16,57.64,6.5,103.67,1.62
cotton,154.41,60.07,68.27,32.52,41.26,6.46,79.9,1.73
cotton,130.74,52.97,69.38,22.24,67.67,6.47,91.19,1.98
cotton,134.43,52.29,51.24,33.96,64.87,5.95,65.41,1.88
cotton,149.53,44.31,55.67,21.1,49.5,6.75,84.2,2.02
cotton,128.73,41.36,65.37,33.76,64.62,5.98,109.9,1.71
cotton,172.64,47.07,67.25,25.33,69.29,6.19,107.67,1.53
cotton,142.57,54.34,46.7,30.88,45.72,6.57,72.66,2.08
cotton,115.98,47.27,52.42,24.26,54.74,7.02,95.6,1.88
cotton,155.52,44.99,63.59,24.5,52.51,6.29,102.94,1.72
cotton,111.36,61.14,67.15,27.08,54.64,7.1,86.05,1.8
cotton,155.14,43.21,64.63,27.1,42.17,6.9,78.85,1.59
cotton,170.41,66.63,68.73,33.15,40.06,6.33,100.93,1.65
cotton,148.51,50.95,67.13,28.05,53.94,7.2,84.68,1.72
cotton,165.12,63.31,63.66,30.91,47.63,7.01,104.67,1.69
cotton,178.05,66.05,66.8,33.41,56.25,6.7,87.27,1.57
cotton,140.43,59.43,55.08,27.89,45.15,6.19,67.94,1.87
cotton,112.25,48.08,57.72,29.54,44.62,6.91,99.26,1.74
cotton,175.04,64.77,60.93,22.15,52.55,6.58,69.37,1.77
cotton,126.19,63.43,65.21,25.53,65.16,5.95,101.89,1.61
cotton,151.34,54.16,67.24,26.08,48.61,6.5,82.8,1.9
cotton,160.76,65.59,69.19,24.73,61.48,6.35,93.85,1.81
cotton,158.31,68.57,65.05,33.64,64.43,6.44,72.59,1.75
cotton,141.92,55.15,55.76,34.64,67.34,6.03,78.44,1.84
cotton,163.88,55.72,57.16,32.94,64.18,5.99,95.7,1.82
cotton,104.0,54.62,50.66,24.52,60.84,6.88,72.24,1.59
cotton,100.8,68.11,58.83,25.51,47.39,5.81,71.77,1.61
cotton,113.32,55.86,57.7,25.17,41.05,5.85,61.32,1.83
cotton,163.7,52.95,53.59,28.18,61.39,6.18,66.08,1.9
cotton,135.4,59.41,54.82,29.68,56.33,6.84,95.3,1.97
cotton,169.88,52.97,52.38,31.7,57.48,5.9,104.61,1.63
cotton,160.7,68.59,41.62,29.36,52.84,6.26,64.52,1.78
cotton,108.36,58.37,62.14,31.74,67.16,6.37,107.65,1.97
cotton,112.74,53.06,52.06,29.06,57.5,6.85,85.49,1.65
cotton,124.78,69.14,43.54,34.42,42.73,6.12,62.33,1.84
cotton,134.73,67.86,57.71,29.82,65.36,6.22,77.71,1.93
cotton,178.12,67.06,43.82,32.53,52.3,7.19,83.61,1.65
cotton,125.74,42.25,66.87,32.24,44.19,6.89,91.29,1.67
cotton,168.78,61.01,56.43,29.53,42.73,6.46,69.69,1.76
cotton,172.9,52.11,46.23,30.08,66.14,6.85,103.44,1.77
cotton,111.21,50.45,51.69,28.16,67.87,7.02,66.73,1.75
cotton,123.26,58.44,67.08,34.47,59.61,6.97,86.26,1.7
cotton,144.41,62.27,46.6,26.16,50.92,7.14,82.2,1.87
cotton,121.24,57.16,66.83,27.65,68.35,6.1,63.71,1.98
cotton,179.41,60.38,68.1,32.58,65.33,6.6,79.12,1.8
cotton,143.11,53.38,56.94,27.59,41.44,7.03,82.22,2.01
cotton,100.27,47.36,61.14,22.39,67.27,6.1,70.23,1.56
cotton,161.74,66.25,58.42,23.63,48.56,6.47,107.72,1.67
cotton,135.16,48.94,53.68,22.0,63.96,6.14,96.27,1.75
cotton,115.44,66.48,64.28,34.55,54.34,6.82,78.54,1.72
cotton,113.26,69.46,42.89,29.25,58.79,6.55,93.11,1.6
cotton,122.98,68.21,62.86,34.62,41.13,6.2,69.77,1.62
cotton,154.3,46.93,55.27,33.43,60.81,6.35,78.62,1.78
cotton,150.72,50.92,65.57,31.59,58.32,6.31,70.5,2.01
cotton,117.98,45.86,44.96,31.88,46.87,6.54,82.58,1.84
cotton,169.42,53.53,40.46,26.97,58.19,6.58,92.57,1.63
cotton,114.61,62.52,50.17,30.94,41.44,6.37,95.25,1.67
cotton,150.46,57.63,50.61,27.75,57.92,6.46,94.92,1.82
cotton,117.11,40.17,49.03,31.48,63.82,6.08,107.95,1.73
cotton,156.54,61.67,42.55,24.08,40.26,6.8,77.22,1.81
cotton,165.55,43.92,45.2,25.77,52.25,6.29,98.18,1.65
sugarcane,233.72,62.67,116.54,34.85,66.77,6.44,187.24,57.97
sugarcane,214.44,90.3,67.08,33.17,79.11,6.87,238.97,54.45
sugarcane,192.97,79.76,63.31,34.5,67.57,7.05,200.62,50.82
sugarcane,235.18,80.97,73.74,25.34,72.27,6.38,200.67,60.44
sugarcane,238.99,86.04,88.51,33.4,74.43,7.3,179.16,53.62
sugarcane,208.74,95.56,116.27,24.59,75.02,6.56,212.59,58.28
sugarcane,205.68,88.35,68.07,32.95,77.12,7.42,183.95,51.76
sugarcane,158.58,98.78,62.32,32.29,75.5,6.55,156.58,53.81
sugarcane,178.09,96.41,78.25,28.95,75.88,6.15,243.22,52.61
sugarcane,188.73,84.01,90.82,31.64,66.11,6.43,231.92,49.94
sugarcane,159.19,93.38,81.65,30.73,68.06,6.1,171.59,49.54
sugarcane,201.44,83.55,107.39,31.22,77.18,6.62,197.38,54.23
sugarcane,173.0,60.23,99.08,26.23,82.8,7.29,157.67,49.67
sugarcane,210.92,71.0,103.01,30.54,71.5,6.04,225.02,52.08
sugarcane,192.03,83.08,112.38,33.5,72.43,6.31,227.51,55.61
sugarcane,240.44,67.92,61.55,24.22,77.45,6.99,181.1,49.14
sugarcane,218.02,62.33,115.75,26.45,84.99,6.26,227.15,52.51
sugarcane,237.49,94.35,84.21,31.73,76.14,7.28,181.51,57.3
sugarcane,185.39,95.66,69.95,25.64,76.54,6.99,169.46,52.04
sugarcane,174.66,86.73,104.41,28.93,83.75,7.1,195.79,55.48
sugarcane,209.22,95.15,81.41,27.3,69.28,6.06,154.3,60.25
sugarcane,216.05,84.59,110.95,29.28,82.41,6.54,242.67,55.7
sugarcane,206.41,81.32,68.27,30.5,71.3,6.08,244.87,57.34
sugarcane,217.61,74.28,90.76,31.43,84.21,6.38,237.5,58.51
sugarcane,243.13,75.92,117.18,31.73,65.84,7.36,198.45,55.22
sugarcane,164.94,78.77,109.87,24.17,70.46,6.0,191.57,58.94
sugarcane,244.52,84.34,75.28,34.17,80.51,6.86,219.56,59.32
sugarcane,186.84,88.52,62.42,28.25,73.13,6.25,152.31,51.34
sugarcane,230.23,99.53,80.78,30.59,83.74,6.25,221.76,59.19
sugarcane,236.12,92.52,62.0,25.0,65.98,6.5,200.93,55.46
sugarcane,241.16,74.73,62.73,27.3,75.62,6.61,177.38,52.75
sugarcane,249.61,73.18,82.9,30.8,79.37,6.59,240.49,53.27
sugarcane,214.67,98.11,107.67,24.44,71.65,6.71,181.45,54.92
sugarcane,223.13,99.57,76.35,33.62,80.33,6.54,223.41,50.69
sugarcane,203.23,71.69,99.35,31.06,69.19,6.05,193.36,57.98
sugarcane,242.82,81.15,105.23,28.83,79.92,6.31,187.11,54.02
sugarcane,222.25,93.42,83.95,28.93,82.03,7.16,178.81,51.32
sugarcane,206.32,66.49,78.6,33.9,78.76,7.48,226.7,62.33
sugarcane,227.15,60.81,100.25,29.16,71.94,7.29,235.43,51.28
sugarcane,186.78,76.63,109.92,27.41,83.86,6.27,216.27,56.89
sugarcane,182.48,93.39,105.71,27.62,75.68,6.09,170.87,57.43
sugarcane,234.33,88.72,116.62,31.63,83.81,6.83,210.02,59.56
sugarcane,153.08,88.95,114.33,32.75,76.68,7.01,249.02,50.39
sugarcane,178.34,85.6,96.46,25.69,69.13,6.93,162.82,52.92
sugarcane,182.71,79.52,116.47,26.5,72.79,6.91,225.53,57.68
sugarcane,227.66,69.13,61.49,28.22,67.83,7.07,216.11,48.77
sugarcane,174.87,77.29,100.08,28.72,73.83,6.1,190.14,59.5
sugarcane,191.35,76.94,102.16,34.37,70.34,6.66,229.6,58.19
sugarcane,212.77,67.47,90.61,29.82,82.52,6.69,177.94,51.69
sugarcane,167.1,77.03,71.23,32.51,74.49,6.53,186.11,62.43
sugarcane,221.79,95.88,114.1,27.61,84.05,6.04,187.68,56.42
sugarcane,177.31,72.1,96.74,28.82,79.53,7.34,217.42,51.33
sugarcane,176.45,66.0,65.4,30.2,67.28,6.21,180.0,51.86
sugarcane,231.67,90.45,75.75,26.7,84.32,6.01,237.97,50.75
sugarcane,184.23,77.61,102.43,30.46,71.36,6.83,223.07,51.62
sugarcane,195.81,65.27,99.86,26.35,73.66,6.3,204.85,53.64
sugarcane,155.11,98.17,68.54,31.79,66.36,6.16,200.89,52.1
sugarcane,244.48,91.18,96.13,29.0,72.12,7.42,210.29,56.35
sugarcane,154.67,97.81,78.82,28.87,67.29,7.26,152.76,57.87
sugarcane,238.66,89.19,69.88,30.22,71.25,6.27,235.92,50.66
sugarcane,166.99,75.32,112.3,27.99,84.03,7.42,164.49,50.96
sugarcane,189.28,60.17,76.43,30.57,80.99,6.2,161.05,61.85
sugarcane,208.98,90.77,85.73,32.34,72.44,6.37,222.9,53.23
sugarcane,184.95,96.87,115.98,26.66,80.96,6.65,241.75,53.03
sugarcane,196.7,69.11,71.96,28.68,80.11,6.91,218.86,56.4
sugarcane,154.44,92.7,119.39,28.48,65.22,6.25,215.25,52.77
sugarcane,175.39,90.55,101.28,27.55,75.91,6.22,195.26,59.75
sugarcane,233.96,83.61,71.51,30.39,75.12,6.6,161.96,57.43
sugarcane,159.88,76.64,78.32,34.18,72.51,7.14,203.02,55.62
sugarcane,244.19,81.2,109.88,28.02,67.0,7.01,150.78,51.56
sugarcane,212.74,99.18,87.86,32.99,75.16,6.74,243.04,62.16
sugarcane,179.63,81.8,73.43,28.88,74.68,7.25,239.6,57.7
sugarcane,236.18,66.97,97.31,24.27,72.99,7.48,160.07,53.03
sugarcane,240.51,94.77,74.26,24.89,77.54,6.5,217.21,48.67
sugarcane,218.64,68.49,111.46,24.64,69.31,7.5,193.31,58.39
sugarcane,210.99,89.04,78.87,33.12,77.07,6.58,205.76,58.9
sugarcane,190.27,73.74,84.05,32.37,74.65,7.41,179.37,54.91
sugarcane,204.6,81.88,63.2,28.38,70.41,7.5,180.84,57.1
sugarcane,184.09,81.74,110.43,33.72,68.21,6.51,183.52,50.53
sugarcane,235.48,75.26,104.4,30.9,72.51,6.21,220.93,61.42
sugarcane,151.79,68.65,64.17,30.27,80.13,6.17,233.83,55.58
sugarcane,247.14,63.35,114.07,25.39,72.86,7.28,240.63,54.63
sugarcane,220.81,93.31,67.29,32.91,74.63,6.68,192.39,57.32
sugarcane,204.82,98.13,70.82,31.97,81.24,7.02,210.69,56.43
sugarcane,232.16,64.89,110.92,28.55,70.07,7.3,193.2,57.08
sugarcane,150.39,79.82,66.01,32.3,70.52,6.67,158.7,53.1
sugarcane,165.16,85.89,115.05,31.48,81.22,6.16,175.07,59.69
sugarcane,213.96,86.55,84.85,24.49,80.69,7.02,197.28,60.23
sugarcane,179.43,94.91,107.82,29.66,67.61,6.32,215.62,51.41
sugarcane,245.0,92.23,82.65,32.68,72.03,6.25,153.34,54.92
sugarcane,173.9,68.26,118.19,24.28,80.72,6.48,153.75,57.4
sugarcane,205.18,70.96,63.91,24.55,67.31,6.11,226.06,53.78
sugarcane,191.84,97.16,114.65,31.87,82.69,6.48,188.11,56.61
sugarcane,198.17,76.03,119.17,33.03,73.7,7.09,176.96,52.71
sugarcane,190.3,60.66,108.89,27.95,76.61,6.11,167.5,57.6
sugarcane,245.03,99.95,82.31,27.29,82.17,7.5,212.96,58.06
sugarcane,185.53,82.97,109.98,31.57,65.42,6.51,164.45,51.57
sugarcane,153.69,68.79,78.57,30.79,75.68,6.33,166.42,49.93
sugarcane,177.12,97.9,87.83,24.65,79.59,6.49,215.35,52.11
sugarcane,227.22,97.12,75.67,27.68,74.29,7.39,240.14,51.15
sugarcane,199.55,64.26,80.73,25.63,77.72,7.42,249.67,57.01
sugarcane,235.63,64.7,101.37,28.5,69.12,6.6,157.6,58.14
sugarcane,181.14,64.84,111.88,29.43,76.44,6.85,191.05,54.46
sugarcane,162.71,64.15,102.61,26.3,71.14,6.71,194.94,54.53
sugarcane,214.44,88.56,77.56,27.55,73.76,6.46,248.49,57.26
sugarcane,150.56,61.71,74.64,25.26,75.67,7.29,223.68,50.04
sugarcane,200.79,92.41,110.35,34.01,75.18,7.04,161.18,55.48
sugarcane,193.17,85.36,75.42,24.57,65.2,6.03,150.83,52.6
sugarcane,172.12,99.47,78.36,25.4,75.91,7.29,217.81,52.91
sugarcane,221.49,89.12,99.99,33.58,82.4,6.87,192.99,59.76
sugarcane,150.57,99.68,70.97,29.17,82.44,6.34,197.68,47.62
sugarcane,167.71,74.55,82.41,34.92,84.9,6.17,222.6,49.47
sugarcane,160.53,98.62,116.45,26.13,68.23,6.36,201.55,53.18
sugarcane,225.66,72.38,115.33,31.22,73.73,7.18,231.79,51.29
sugarcane,243.6,66.59,62.53,28.99,81.02,7.16,241.95,53.66
sugarcane,208.87,91.14,65.6,25.9,65.25,6.89,238.67,56.16
sugarcane,156.3,96.12,108.84,27.46,84.47,6.43,238.93,56.29
sugarcane,206.35,64.8,91.92,27.92,80.84,7.14,241.06,50.26
sugarcane,243.85,91.57,67.81,24.89,65.42,6.94,212.97,55.02
sugarcane,183.19,84.98,109.54,34.3,81.06,6.64,213.49,59.59
sugarcane,171.67,66.79,60.01,31.9,67.22,6.37,179.79,53.06
sugarcane,217.47,62.23,67.44,29.49,71.74,6.44,156.7,56.1
sugarcane,162.16,62.6,118.49,31.49,73.35,7.05,225.63,55.0
sugarcane,192.99,60.44,115.59,30.64,69.06,7.38,241.49,58.27
sugarcane,249.78,69.79,110.53,33.05,69.62,6.15,247.94,49.87
sugarcane,150.41,60.84,87.95,26.63,78.8,6.85,157.75,48.13
sugarcane,168.56,91.69,84.96,25.03,74.69,6.14,162.89,52.16
sugarcane,242.46,93.05,80.04,27.0,75.98,7.08,249.34,51.19
sugarcane,219.44,93.29,110.78,31.46,84.08,6.77,241.38,60.29
sugarcane,180.98,67.85,92.89,28.98,82.56,6.15,175.77,60.57
sugarcane,182.08,75.49,97.36,25.74,82.21,6.67,241.7,55.48
sugarcane,164.18,60.15,91.93,25.18,72.83,6.88,177.57,50.99
sugarcane,244.68,64.02,69.34,34.56,65.76,7.47,150.46,57.1
sugarcane,243.86,72.68,99.26,24.88,69.85,7.16,202.87,58.58
sugarcane,236.98,77.96,118.75,34.56,71.58,7.33,234.76,51.58
sugarcane,157.27,93.47,70.47,24.78,73.0,6.87,235.49,57.97
sugarcane,156.04,89.96,93.91,28.93,71.19,6.75,183.87,57.83
sugarcane,237.68,81.74,74.3,33.36,76.14,6.31,212.35,55.11
sugarcane,195.33,89.06,65.73,28.36,84.66,7.21,165.99,51.19
sugarcane,215.04,90.28,104.97,29.61,81.22,6.66,162.39,55.79
sugarcane,229.3,83.15,98.81,34.24,73.57,6.5,247.72,58.09
sugarcane,196.38,76.6,68.95,34.54,73.09,7.31,168.94,55.98
sugarcane,226.42,83.24,97.54,24.57,69.22,6.11,178.89,55.36
sugarcane,211.21,81.97,76.38,26.69,67.74,7.27,211.65,53.4
sugarcane,237.3,89.71,99.56,28.48,70.24,7.47,229.72,54.12
sugarcane,225.89,71.88,85.59,26.05,67.22,7.08,176.75,60.72
sugarcane,157.66,78.92,108.12,32.68,80.2,6.52,195.39,55.13
sugarcane,182.75,96.93,76.16,34.88,78.41,6.7,211.34,54.94
sugarcane,161.36,64.56,80.86,32.39,77.16,6.15,235.22,55.65
sugarcane,217.02,67.01,88.43,31.13,65.57,6.02,162.94,52.19
sugarcane,198.74,65.52,100.4,30.56,70.89,6.02,157.76,56.9
sugarcane,187.68,85.13,92.83,26.54,71.88,6.92,236.09,61.38
sugarcane,186.23,74.6,112.77,24.43,84.76,7.0,218.11,51.04
sugarcane,198.48,64.23,76.68,33.79,76.0,6.62,157.27,56.67
sugarcane,211.4,80.41,86.03,30.53,69.67,7.41,208.88,55.4
sugarcane,230.57,66.46,77.57,31.47,71.31,7.19,163.05,59.54
sugarcane,151.26,95.93,94.88,27.87,69.65,6.93,200.9,59.55
sugarcane,213.5,77.71,89.47,31.51,67.03,6.49,157.53,53.25
sugarcane,198.53,91.39,89.13,27.69,66.65,6.83,177.13,59.11
sugarcane,161.13,68.49,88.39,34.65,80.44,7.35,183.37,61.75
sugarcane,155.3,94.22,115.64,25.0,67.27,6.05,160.45,47.68
sugarcane,216.79,91.14,106.57,29.89,80.95,6.89,181.45,56.94
sugarcane,232.35,99.27,84.66,32.4,67.0,7.17,187.14,47.22
sugarcane,211.06,64.77,115.44,24.85,83.6,7.06,182.97,53.86
sugarcane,210.15,86.87,83.35,29.37,84.8,6.32,191.79,55.78
sugarcane,226.4,71.7,64.88,24.13,73.55,6.62,248.84,51.42
sugarcane,239.12,79.64,95.95,25.05,72.66,7.42,208.95,54.86
sugarcane,241.04,70.96,90.31,34.55,68.45,7.08,211.45,56.19
sugarcane,181.39,87.37,72.93,28.62,68.76,6.01,247.01,52.46
sugarcane,164.03,83.49,72.06,32.69,80.67,6.17,241.21,50.62
sugarcane,248.56,95.3,117.39,27.77,67.11,6.28,200.05,53.69
sugarcane,215.97,72.94,80.47,31.28,74.34,7.22,165.59,59.43
sugarcane,169.41,86.25,111.3,26.78,71.54,6.81,171.16,57.69
sugarcane,164.53,78.55,106.49,27.71,77.66,6.08,210.87,52.85
sugarcane,185.54,71.26,110.45,24.55,72.93,6.56,178.48,61.65
sugarcane,156.39,88.59,91.64,33.91,71.26,6.86,200.08,55.64
sugarcane,170.56,90.23,87.08,34.54,70.22,7.02,244.07,54.09
sugarcane,232.75,74.4,96.01,25.72,75.71,6.35,224.37,58.54
sugarcane,176.88,99.95,64.3,24.48,69.35,7.46,247.92,55.11
sugarcane,171.4,98.88,68.57,25.11,67.24,6.86,228.1,49.22
sugarcane,193.44,66.02,87.96,31.47,81.64,6.69,209.36,56.0
sugarcane,248.6,61.96,113.19,30.19,70.04,7.43,198.34,49.35
sugarcane,174.45,93.31,96.86,34.05,69.64,6.18,150.61,54.96
sugarcane,219.5,72.34,112.61,32.6,65.31,7.23,180.05,50.52
sugarcane,196.86,76.99,77.33,25.89,80.24,7.49,227.78,53.96
sugarcane,171.77,65.47,93.08,30.66,79.11,7.02,179.23,55.84
sugarcane,184.94,68.5,82.46,26.99,66.77,7.25,235.31,52.04
sugarcane,223.88,68.46,83.61,24.71,69.53,7.19,230.44,49.55
sugarcane,163.42,62.97,119.53,31.21,75.84,7.15,234.01,58.91
sugarcane,168.68,86.2,82.55,34.81,78.31,7.43,170.14,61.43
sugarcane,248.96,66.31,90.98,32.72,73.65,6.7,248.64,54.57
sugarcane,155.45,93.69,98.89,28.44,65.32,6.89,151.27,48.12
sugarcane,168.9,67.68,99.2,24.59,71.27,6.22,208.02,54.07
sugarcane,175.52,63.57,64.72,28.69,83.92,6.33,175.67,50.8
sugarcane,217.99,85.72,111.67,29.35,67.69,6.43,216.24,54.62
sugarcane,218.3,85.5,112.88,30.45,80.57,6.37,217.82,57.41
sugarcane,227.91,88.99,63.57,30.4,67.6,7.45,231.14,49.96
sugarcane,209.45,73.8,62.09,29.96,72.76,6.15,230.19,57.96
sugarcane,232.24,68.66,75.81,26.29,80.3,7.42,221.68,55.47
sugarcane,188.77,77.03,64.52,24.35,78.91,6.66,205.22,56.1
sugarcane,197.59,78.83,83.31,33.03,74.02,6.91,239.55,57.82
sugarcane,177.0,61.4,75.66,27.07,83.19,6.97,158.17,48.34
sugarcane,213.04,89.42,111.58,34.35,69.03,6.46,174.03,51.1
sugarcane,207.51,89.53,89.41,24.32,66.28,6.81,221.88,51.7
sugarcane,231.07,76.48,104.79,28.44,78.57,7.15,249.19,54.94
sugarcane,166.56,68.16,101.6,34.09,72.89,6.27,178.51,55.64
sugarcane,173.36,89.44,60.47,29.93,80.88,6.4,210.33,56.06
sugarcane,194.58,73.86,110.16,32.34,71.43,6.15,157.18,51.5
sugarcane,155.17,73.48,105.19,27.24,80.27,7.12,174.58,54.04
sugarcane,189.75,68.42,91.28,34.14,77.79,6.26,218.28,53.29
sugarcane,223.41,80.6,108.84,31.94,77.3,6.23,233.59,58.55
sugarcane,198.82,70.36,105.27,31.94,67.82,7.32,168.1,59.68
sugarcane,182.83,66.33,70.06,31.28,76.01,6.18,161.27,51.58
sugarcane,221.19,62.34,93.62,24.93,83.07,7.36,219.82,59.74
sugarcane,232.85,82.79,78.36,26.4,71.54,6.94,167.27,52.35
sugarcane,173.31,83.55,115.39,32.23,78.33,6.87,198.79,49.97
sugarcane,174.85,63.65,105.0,25.93,72.44,6.04,163.71,52.0
sugarcane,215.67,93.48,82.4,33.62,69.27,6.49,165.07,55.92
sugarcane,211.33,90.47,92.74,30.9,83.71,6.45,185.92,60.48
sugarcane,167.85,75.05,88.07,28.61,68.57,7.39,226.23,55.82
sugarcane,239.73,65.45,75.02,29.97,80.98,6.05,248.4,54.32
sugarcane,179.27,66.97,107.49,34.51,73.27,7.43,232.38,56.43
sugarcane,193.5,82.35,63.48,31.66,66.06,7.23,232.49,54.97
sugarcane,198.13,83.87,77.24,30.52,70.96,6.08,150.25,52.74
sugarcane,246.14,77.08,90.76,25.62,76.02,6.22,211.12,60.07
sugarcane,226.46,60.94,82.53,25.22,72.05,6.26,187.33,52.32
sugarcane,215.66,96.75,84.04,26.12,70.41,7.28,207.16,57.39
sugarcane,194.97,71.14,116.59,33.72,66.68,6.77,172.51,53.93
sugarcane,202.75,73.37,72.47,32.8,77.49,6.7,171.75,52.9
sugarcane,202.01,76.03,91.29,32.57,71.8,6.27,208.49,59.6
sugarcane,238.2,74.85,64.52,34.54,73.7,6.93,216.63,52.62
sugarcane,225.51,92.15,93.18,29.37,67.28,6.13,183.96,53.57
sugarcane,228.36,86.4,91.06,25.84,84.57,6.56,160.69,55.72
sugarcane,238.73,60.44,113.18,26.99,65.78,7.27,236.39,52.23
sugarcane,231.31,91.45,113.41,30.08,84.35,7.49,161.65,54.79
sugarcane,188.76,84.52,63.36,29.57,82.42,6.32,192.64,62.66
sugarcane,185.84,77.62,91.17,30.95,81.01,6.68,231.75,59.58
sugarcane,215.8,88.71,93.48,24.62,68.4,6.43,178.26,59.87
sugarcane,225.57,70.61,78.6,29.81,69.32,7.33,158.54,54.0
sugarcane,211.58,71.69,85.25,31.77,84.47,7.34,184.24,61.56
sugarcane,152.76,92.95,71.97,24.67,69.74,6.64,223.06,54.2
sugarcane,200.33,97.05,108.9,27.56,84.65,7.06,156.24,48.44
sugarcane,222.79,67.35,90.69,25.03,83.42,6.52,240.81,57.75
sugarcane,196.41,60.99,114.52,29.7,66.5,6.17,188.35,58.77
sugarcane,236.76,74.66,62.59,34.72,65.34,7.42,186.87,46.02
sugarcane,248.05,98.63,69.66,25.99,76.31,6.96,223.94,51.85
sugarcane,213.87,93.88,92.4,28.56,84.54,6.87,236.69,57.3
sugarcane,204.89,60.14,62.4,26.21,68.72,6.38,180.49,52.39
sugarcane,159.89,61.69,100.44,29.91,73.88,6.95,232.77,53.37
sugarcane,245.36,93.58,85.56,31.09,68.54,6.84,248.13,53.27
sugarcane,190.73,99.95,94.75,24.46,76.74,6.41,153.25,59.32
sugarcane,229.65,71.53,71.66,34.71,72.23,6.9,211.0,53.44
sugarcane,217.44,76.15,111.74,25.99,75.88,7.43,212.54,61.04
sugarcane,233.94,97.78,76.38,25.87,74.68,7.05,172.72,47.92
sugarcane,246.89,87.8,84.08,26.12,72.12,6.25,160.63,59.35
sugarcane,166.41,62.18,79.78,29.08,69.1,6.45,170.09,58.58
sugarcane,213.5,75.49,114.54,34.66,68.47,6.33,202.56,52.67
sugarcane,208.18,80.88,79.85,29.97,84.18,6.31,215.48,53.81
sugarcane,205.18,64.2,61.34,25.89,76.3,7.06,170.25,57.37
sugarcane,211.35,76.48,99.23,34.95,83.76,6.01,238.54,50.21
sugarcane,178.18,75.28,65.5,25.24,79.53,7.42,211.07,57.19
sugarcane,176.28,61.81,60.11,27.86,69.83,6.09,167.95,50.52
sugarcane,164.03,81.51,95.59,29.98,66.98,6.48,155.13,56.7
sugarcane,206.16,87.71,91.93,28.78,72.75,7.26,171.94,57.62
sugarcane,191.92,71.89,88.23,25.03,65.92,6.17,168.71,55.56
sugarcane,173.56,97.41,117.29,34.55,81.75,6.55,157.27,54.9
sugarcane,235.0,99.84,90.49,27.8,68.72,6.01,200.91,54.67
sugarcane,200.46,96.66,97.69,33.24,67.97,7.28,217.51,51.31
sugarcane,242.65,61.29,87.75,27.45,78.3,7.26,186.04,52.97
sugarcane,228.39,95.89,86.33,26.57,73.24,7.07,160.94,53.16
sugarcane,193.23,93.1,61.48,31.43,83.65,6.36,219.36,62.9
sugarcane,173.49,64.01,68.9,31.72,79.52,7.01,183.61,50.59
sugarcane,198.37,89.15,86.48,27.73,70.87,6.32,176.57,51.29
sugarcane,153.66,67.46,104.81,27.58,78.36,7.08,208.12,56.96
sugarcane,223.87,98.35,111.74,25.85,71.54,6.26,210.13,53.56
sugarcane,203.95,87.64,85.28,33.39,80.43,6.1,212.11,54.19
sugarcane,245.69,95.16,84.27,27.21,69.69,6.8,161.42,54.77
sugarcane,182.38,68.8,118.27,32.0,71.99,6.14,201.68,50.1
sugarcane,233.54,84.63,98.03,29.95,83.55,7.4,201.27,54.49
sugarcane,168.66,85.45,90.01,25.14,68.95,6.72,238.76,57.87
sugarcane,183.9,82.86,86.84,31.25,66.01,6.74,179.6,53.79
sugarcane,168.27,72.45,90.59,33.49,73.33,7.12,235.64,52.85
sugarcane,185.66,93.31,62.66,27.39,78.59,6.85,193.63,58.27
sugarcane,193.07,80.07,114.07,26.87,82.36,6.97,152.03,57.92
sugarcane,249.74,94.91,77.84,26.83,72.63,6.53,187.23,53.12
sugarcane,166.43,93.84,108.74,29.24,82.05,6.37,151.76,54.89
sugarcane,206.72,95.97,118.2,30.98,80.28,6.13,166.07,58.79
sugarcane,194.6,72.34,96.44,26.04,77.54,6.26,156.38,56.39
sugarcane,238.9,62.2,70.6,30.04,74.62,6.07,150.73,59.72
sugarcane,186.54,78.82,75.99,27.79,77.98,7.32,168.41,62.13
sugarcane,171.5,61.49,68.45,34.09,74.19,6.12,245.97,59.75
sugarcane,243.35,68.81,110.18,31.59,82.4,7.2,184.65,56.74
sugarcane,182.86,64.32,116.1,27.2,75.41,6.59,245.99,51.44
sugarcane,235.54,77.42,82.69,32.23,83.26,7.13,172.71,58.97
sugarcane,207.62,93.26,71.3,32.63,76.92,7.34,167.2,56.02
sugarcane,151.92,64.49,119.43,27.08,84.51,6.27,186.11,55.19
sugarcane,208.11,81.2,110.61,26.58,73.85,6.23,209.59,52.35
sugarcane,197.13,61.07,65.52,31.55,73.58,7.3,219.47,47.57
sugarcane,159.37,91.24,119.49,29.84,78.66,6.36,193.76,58.6
sugarcane,176.55,77.82,102.73,28.13,83.55,6.14,187.08,56.77
